VendorID,tpep_pickup_datetime,tpep_dropoff_datetime,passenger_count,trip_distance,pickup_longitude,pickup_latitude,RatecodeID,store_and_fwd_flag,dropoff_longitude,dropoff_latitude,payment_type,fare_amount,extra,mta_tax,tip_amount,tolls_amount,improvement_surcharge,total_amount
1,3/1/2016 0:00,3/1/2016 0:07,1,2.5,-73.97674561,40.765151977539055,1,N,-74.00426483,40.74612808227539,1,9,0.5,0.5,2.05,0,0.3,12.35
1,3/1/2016 0:00,3/1/2016 0:11,1,2.9,-73.98348236,40.767925262451165,1,N,-74.0059433,40.73316574,1,11,0.5,0.5,3.05,0,0.3,15.35
2,3/1/2016 0:00,3/1/2016 0:31,2,19.98,-73.78202057,40.64480972290039,1,N,-73.97454071,40.67576981,1,54.5,0.5,0.5,8,0,0.3,63.8
2,3/1/2016 0:00,3/1/2016 0:00,3,10.78,-73.86341858,40.769813537597656,1,N,-73.96965027,40.757766723632805,1,31.5,0,0.5,3.78,5.54,0.3,41.62
2,3/1/2016 0:00,3/1/2016 0:00,5,30.43,-73.97174072,40.79218292236328,3,N,-74.1771698,40.69505310058594,1,98,0,0,0,15.5,0.3,113.8
2,3/1/2016 0:00,3/1/2016 0:00,5,5.92,-74.01719666,40.70538330078125,1,N,-73.97807312,40.75578689575195,1,23.5,1,0.5,5.06,0,0.3,30.36
2,3/1/2016 0:00,3/1/2016 0:00,6,5.72,-73.99458313,40.72784805297852,1,N,0,0,2,23,0.5,0.5,0,0,0.3,24.3
1,3/1/2016 0:00,3/1/2016 0:16,1,6.2,-73.78877258,40.64775848388672,1,N,-73.82920837,40.712345123291016,3,20.5,0.5,0.5,0,0,0.3,21.8
1,3/1/2016 0:00,3/1/2016 0:05,1,0.7,-73.95822144,40.76464080810546,1,N,-73.96789551,40.76290130615234,1,5.5,0.5,0.5,2,0,0.3,8.8
2,3/1/2016 0:00,3/1/2016 0:24,3,7.18,-73.98577881,40.74119186401367,1,N,-73.9463501,40.79787826538086,1,23.5,0.5,0.5,3.2,0,0.3,28
2,3/1/2016 0:00,3/1/2016 0:02,2,0.54,-73.98842621,40.76416016,1,N,-73.99239349,40.75822448730469,2,4,0.5,0.5,0,0,0.3,5.3
1,3/1/2016 0:00,3/1/2016 0:07,1,1.7,-73.96981812,40.79742813110352,1,N,-73.94377136,40.796199798583984,2,8,0.5,0.5,0,0,0.3,9.3
1,3/1/2016 0:00,3/1/2016 0:03,1,1.1,-73.95380402,40.78812789916992,1,N,-73.97154999,40.79523849487305,1,5.5,0.5,0.5,2.2,0,0.3,9
2,3/1/2016 0:00,3/1/2016 0:09,1,2.1,-73.97608948,40.75217056274414,1,N,-73.98744965,40.770782470703125,1,9,0.5,0.5,2.06,0,0.3,12.36
2,3/1/2016 0:00,3/1/2016 0:24,1,8.54,-74.00206757,40.719120025634766,1,N,-73.95211792,40.81124114990234,1,27,0.5,0.5,5.66,0,0.3,33.96
2,3/1/2016 0:00,3/1/2016 0:08,1,2,-74.00672913,40.730716705322266,1,N,-74.01704407,40.70936584472656,1,8.5,0.5,0.5,2,0,0.3,11.8
1,3/1/2016 0:00,3/1/2016 0:09,1,3.2,-74.00661469,40.716621398925774,1,N,-73.99010468,40.75605010986328,2,11,0.5,0.5,0,0,0.3,12.3
2,3/1/2016 0:00,3/1/2016 0:08,1,1.59,-73.98226929,40.77061844,1,N,-73.96874237,40.75503921508789,1,8,0.5,0.5,1.86,0,0.3,11.16
2,3/1/2016 0:00,3/1/2016 0:32,3,16.81,-73.79238892,40.64503098,2,N,-73.98628998,40.75851821899414,1,52,0,0.5,8,5.54,0.3,66.34
1,3/1/2016 0:00,3/1/2016 0:03,2,0.5,-73.98378754,40.73189163208008,1,N,-73.97581482,40.72851943969727,1,4.5,0.5,0.5,1.15,0,0.3,6.95
1,3/1/2016 0:00,3/1/2016 0:06,1,0.6,-73.99941254,40.738563537597656,1,N,-74.00245667,40.74532699584961,2,5.5,0.5,0.5,0,0,0.3,6.8
1,3/1/2016 0:00,3/1/2016 0:19,1,9.9,-73.86585999,40.77117919921875,1,N,-73.92384338,40.69843292236328,2,28.5,0.5,0.5,0,0,0.3,29.8
2,3/1/2016 0:00,3/1/2016 0:02,2,0.8,-73.96642303,40.76165008544922,1,N,-73.95902252,40.76818084716797,1,4.5,0.5,0.5,1.16,0,0.3,6.96
2,3/1/2016 0:00,3/1/2016 0:02,2,0.49,-73.98986816,40.757118225097656,1,N,-73.98538971,40.76319122314453,2,4,0.5,0.5,0,0,0.3,5.3
2,3/1/2016 0:00,3/1/2016 0:14,1,5.31,-73.98406982,40.74290084838867,1,N,-73.94271088,40.71472930908203,1,17,0.5,0.5,4.58,0,0.3,22.88
1,3/1/2016 0:00,3/1/2016 0:12,1,3.5,-74.00041962,40.72746276855469,1,N,-73.94773865,40.70987319946289,2,13,0.5,0.5,0,0,0.3,14.3
2,3/1/2016 0:00,3/1/2016 0:31,2,9.14,-73.99080658,40.75765228271485,1,N,-73.88148499,40.73888397216797,1,31,0.5,0.5,6.46,0,0.3,38.76
2,3/1/2016 0:00,3/1/2016 0:07,5,2.17,-73.97548676,40.78703308105469,1,N,-73.95295715,40.80764389038086,1,8.5,0.5,0.5,1.96,0,0.3,11.76
2,3/1/2016 0:00,3/1/2016 0:36,1,18.03,-73.78941345,40.647018432617195,2,N,-74.00099182,40.72694016,1,52,0,0.5,13.2,0,0.3,66
1,3/1/2016 0:00,3/1/2016 0:03,1,1,-73.98112488,40.737300872802734,1,N,-73.98801422,40.725601196289055,1,5,0.5,0.5,1,0,0.3,7.3
2,3/1/2016 0:00,3/1/2016 0:26,1,11.53,-73.99230194,40.74971389770508,1,N,-74.03071594,40.61862182617188,2,33.5,0.5,0.5,0,0,0.3,34.8
2,3/1/2016 0:00,3/1/2016 0:16,4,4.26,-74.0079422,40.70626831054688,1,N,-73.9564209,40.71889877319336,2,16,0.5,0.5,0,0,0.3,17.3
2,3/1/2016 0:00,3/1/2016 0:10,2,2.66,-73.95465851,40.768909454345696,1,N,-73.97611237,40.74494934082031,1,11,0.5,0.5,2.46,0,0.3,14.76
1,3/1/2016 0:00,3/1/2016 0:10,1,1.7,-73.96561432,40.790332794189446,1,N,-73.94799042,40.774517059326165,1,9,0.5,0.5,2.05,0,0.3,12.35
1,3/1/2016 0:00,3/1/2016 0:11,1,2.4,-73.98728943,40.75569152832031,1,N,-73.96084595,40.76950073242188,1,10.5,0.5,0.5,2.35,0,0.3,14.15
1,3/1/2016 0:00,3/1/2016 0:04,1,1,-73.98183441,40.75626373291016,1,N,-73.98706055,40.74866867,2,5.5,0.5,0.5,0,0,0.3,6.8
1,3/1/2016 0:00,3/1/2016 0:13,2,3.7,-73.95122528,40.78277206420898,1,N,-73.98895264,40.74826049804688,1,13.5,0.5,0.5,2.95,0,0.3,17.75
1,3/1/2016 0:00,3/1/2016 0:08,1,1.3,-73.98300934,40.75618362426758,1,N,-73.96585846,40.75423813,1,7.5,0.5,0.5,0,0,0.3,8.8
1,3/1/2016 0:00,3/1/2016 0:29,1,9.2,-73.98862457,40.72168350219727,1,N,-73.93851471,40.817020416259766,1,31,0.5,0.5,8.05,0,0.3,40.35
2,3/1/2016 0:00,3/1/2016 0:04,5,0.79,-73.99179077,40.749187469482415,1,N,-73.98950958,40.75777816772461,1,5.5,0.5,0.5,1.36,0,0.3,8.16
2,3/1/2016 0:00,3/1/2016 0:02,1,0.95,-73.99591827,40.73867034912109,1,N,-73.99203491,40.74949645996094,2,4.5,0.5,0.5,0,0,0.3,5.8
1,3/1/2016 0:00,3/1/2016 0:21,1,6.9,-73.95418549,40.76414108276367,1,N,-73.9024353,40.82696914672852,2,22.5,0.5,0.5,0,0,0.3,23.8
2,3/1/2016 0:00,3/1/2016 0:16,1,4.26,-73.96170044,40.654949188232415,1,N,-73.93612671,40.69771957397461,1,15.5,0.5,0.5,2,0,0.3,18.8
2,3/1/2016 0:00,3/1/2016 0:11,1,3.11,-73.9890213,40.71890640258789,1,N,-73.94670868,40.695648193359375,2,12,0.5,0.5,0,0,0.3,13.3
1,3/1/2016 0:00,3/1/2016 0:09,1,3.8,-73.97113037,40.75152587890625,1,N,-73.98873901,40.71282196044922,1,13,0.5,0.5,2.85,0,0.3,17.15
1,3/1/2016 0:00,3/1/2016 0:11,1,2.8,-73.98197174,40.761695861816406,1,N,-73.97492218,40.79317474365234,2,11,0.5,0.5,0,0,0.3,12.3
2,3/1/2016 0:00,3/1/2016 0:03,1,1.21,-73.96903992,40.79098129272461,1,N,-73.96208954,40.80535125732422,1,5.5,0.5,0.5,1,0,0.3,7.8
2,3/1/2016 0:00,3/1/2016 0:04,1,1.31,-73.99842834,40.740581512451165,1,N,-73.99459076,40.75498962402344,1,6,0.5,0.5,1.46,0,0.3,8.76
1,3/1/2016 0:00,3/1/2016 0:12,1,2.7,-74.00578308,40.74040985107422,1,N,-73.98197174,40.764007568359375,1,11,0.5,0.5,2.45,0,0.3,14.75
2,3/1/2016 0:00,3/1/2016 0:25,1,5.39,-73.98713684,40.720516204833984,1,N,-73.96949768,40.76110458374024,1,20.5,0.5,0.5,4.36,0,0.3,26.16
2,3/1/2016 0:00,3/1/2016 0:13,1,2.82,-73.97879028,40.76246643066406,1,N,-73.98910522,40.730716705322266,1,11.5,0.5,0.5,3.2,0,0.3,16
2,3/1/2016 0:00,3/1/2016 0:09,1,2.07,-73.9825058,40.75724411010742,1,N,-73.98570251,40.77806473,1,9.5,0.5,0.5,1.7,0,0.3,12.5
1,3/1/2016 0:00,3/1/2016 0:18,1,7.7,-74.01290131,40.70807266235352,1,N,-73.96126556,40.64998245239258,1,23.5,0.5,0.5,1,0,0.3,25.8
1,3/1/2016 0:00,3/1/2016 0:18,1,5.1,-73.96903992,40.79089355,1,N,-73.9895401,40.73448181152344,2,17.5,0.5,0.5,0,0,0.3,18.8
2,3/1/2016 0:00,3/1/2016 0:14,3,3.34,-73.98222351,40.75860977172852,1,N,-73.93955231,40.751731872558594,1,13,0.5,0.5,1,0,0.3,15.3
2,3/1/2016 0:00,3/1/2016 0:05,2,2.69,-74.00289917,40.74930953979492,1,N,-73.97846985,40.78313827514648,2,9,0.5,0.5,0,0,0.3,10.3
2,3/1/2016 0:00,3/1/2016 0:04,1,0.71,-73.98590851,40.757598876953125,1,N,-73.99256897,40.75347137451172,2,4.5,0.5,0.5,0,0,0.3,5.8
2,3/1/2016 0:00,3/1/2016 0:08,1,1.42,-73.99240112,40.75899887084961,1,N,-73.9770813,40.747108459472656,1,7.5,0.5,0.5,2.2,0,0.3,11
2,3/1/2016 0:00,3/1/2016 0:14,5,4.28,-73.98390198,40.76818848,1,N,-74.01125336,40.713478088378906,1,15,0.5,0.5,4.89,0,0.3,21.19
2,3/1/2016 0:00,3/1/2016 0:11,1,1.84,-73.99774933,40.75659942626953,1,N,-74.00470734,40.73453140258789,1,8.5,0.5,0.5,2.45,0,0.3,12.25
2,3/1/2016 0:00,3/1/2016 0:18,6,3.95,-73.98654175,40.766788482666016,1,N,-73.97782135,40.726028442382805,1,15,0.5,0.5,3.26,0,0.3,19.56
2,3/1/2016 0:00,3/1/2016 0:14,3,3.65,-73.98704529,40.75561523,1,N,-73.94645691,40.77686309814453,1,14,0.5,0.5,3,0,0.3,18.3
2,3/1/2016 0:00,3/1/2016 0:15,6,9.46,-73.99542999,40.72500228881836,1,N,-73.85942841,40.735816955566406,1,26.5,0.5,0.5,4,0,0.3,31.8
2,3/1/2016 0:00,3/1/2016 0:03,1,0.48,-73.99212646,40.725372314453125,1,N,-73.98706055,40.72983551025391,2,4,0.5,0.5,0,0,0.3,5.3
2,3/1/2016 0:00,3/1/2016 0:38,1,19.35,-73.78942871,40.64771652,2,N,-73.97074127,40.79333114624024,1,52,0,0.5,6.66,5.54,0.3,65
2,3/1/2016 0:00,3/1/2016 0:21,1,11.25,-73.87077332,40.77368927001953,1,N,-73.98858643,40.75933074951172,1,32.5,0.5,0.5,11.8,5.54,0.3,51.14
1,3/1/2016 0:00,3/1/2016 0:08,1,2.2,-73.95204926,40.71413040161133,1,N,-73.96796417,40.68948745727539,2,9.5,0.5,0.5,0,0,0.3,10.8
2,3/1/2016 0:00,3/1/2016 0:15,1,4.65,-73.97259521,40.75608444213867,1,N,-73.95128632,40.810333251953125,1,15.5,0.5,0.5,2,0,0.3,18.8
1,3/1/2016 0:00,3/1/2016 0:10,1,1.8,-74.0059433,40.740352630615234,1,N,-73.97843933,40.73427581787109,1,9,0.5,0.5,1,0,0.3,11.3
2,3/1/2016 0:00,3/1/2016 0:35,1,10.34,-73.9900589,40.76193618774414,1,N,-73.85777283,40.743255615234375,1,34.5,0.5,0.5,0,0,0.3,35.8
1,3/1/2016 0:00,3/1/2016 0:03,1,1.1,-73.97267151,40.75598907470703,1,N,-73.98126221,40.742069244384766,1,5.5,0.5,0.5,1,0,0.3,7.8
1,3/1/2016 0:00,3/1/2016 0:23,1,6.8,-73.97994995,40.74975204467773,1,N,-73.94968414,40.68077087402344,1,22.5,0.5,0.5,4.75,0,0.3,28.55
1,3/1/2016 0:00,3/1/2016 0:08,1,1.4,-73.98271942,40.74505615234375,1,N,-73.97182465,40.76203918457031,1,7.5,0.5,0.5,1.75,0,0.3,10.55
1,3/1/2016 0:00,3/1/2016 0:12,1,6.3,-73.87252045,40.77450942993164,1,N,-73.95454407,40.74215316772461,1,19,0.5,0.5,4.06,0,0.3,24.36
2,3/1/2016 0:00,3/1/2016 0:14,1,5.52,-73.98957825,40.72058105,1,N,-73.9394989,40.79024124145508,1,16.5,0.5,0.5,2,0,0.3,19.8
1,3/1/2016 0:00,3/1/2016 0:04,1,0.6,-73.97259521,40.75928115844727,1,N,-73.97032928,40.75235366821289,1,5,0.5,0.5,1.25,0,0.3,7.55
1,3/1/2016 0:00,3/1/2016 0:19,1,3.4,-74.0061264,40.742332458496094,1,N,-73.9910965,40.71963882446289,2,15,0.5,0.5,0,0,0.3,16.3
2,3/1/2016 0:00,3/1/2016 0:16,1,9.79,-73.87443542,40.77402114868164,1,N,-74.00138855,40.72154998779297,2,27.5,0.5,0.5,0,0,0.3,28.8
2,3/1/2016 0:00,3/1/2016 0:07,4,1.04,-73.96793365,40.766998291015625,1,N,-73.98139191,40.768413543701165,1,6.5,0.5,0.5,1.56,0,0.3,9.36
2,3/1/2016 0:00,3/1/2016 0:17,1,10.2,-73.87453461,40.774112701416016,1,N,-74.00366211,40.715911865234375,1,29,0.5,0.5,6.06,0,0.3,36.36
2,3/1/2016 0:00,3/1/2016 0:08,1,2.54,-73.94833374,40.778316497802734,1,N,-73.92554474,40.80564880371094,2,9.5,0.5,0.5,0,0,0.3,10.8
2,3/1/2016 0:00,3/1/2016 0:05,1,1.32,-73.99053192,40.734989166259766,1,N,-74.00089264,40.71855163574219,1,6,0.5,0.5,1.46,0,0.3,8.76
2,3/1/2016 0:00,3/1/2016 0:08,2,1.51,-73.98603821,40.723098754882805,1,N,-74.00237274,40.73345184326172,2,7.5,0.5,0.5,0,0,0.3,8.8
1,3/1/2016 0:00,3/1/2016 0:09,1,1.4,-73.98059082,40.676284790039055,1,N,-73.9573288,40.674293518066406,1,8,0.5,0.5,2.3,0,0.3,11.6
1,3/1/2016 0:00,3/1/2016 0:08,1,1.3,-74.01022339,40.721050262451165,1,N,-74.00580597,40.70624542236328,1,7,0.5,0.5,1.65,0,0.3,9.95
2,3/1/2016 0:00,3/1/2016 0:05,3,1.16,-73.98274231,40.722930908203125,1,N,-73.98471069,40.73477935791016,1,6,0.5,0.5,0,0,0.3,7.3
2,3/1/2016 0:00,3/1/2016 0:04,5,0.89,-73.99111176,40.72338104248047,1,N,-73.98262024,40.731239318847656,1,5,0.5,0.5,1.26,0,0.3,7.56
2,3/1/2016 0:00,3/1/2016 0:15,1,7.06,-73.91590118,40.76673889160156,1,N,-73.95974731,40.77202987670898,1,21.5,0.5,0.5,2,5.54,0.3,30.34
2,3/1/2016 0:00,3/1/2016 0:16,2,5.57,-74.0058136,40.717899322509766,1,N,-73.95327759,40.77154922485352,2,17.5,0.5,0.5,0,0,0.3,18.8
2,3/1/2016 0:00,3/1/2016 0:06,1,0.99,-73.98741913,40.76068878173828,1,N,-73.99150848,40.750091552734375,2,6,0.5,0.5,0,0,0.3,7.3
1,3/1/2016 0:00,3/1/2016 0:04,1,0.6,-73.98301697,40.74217987060546,1,N,-73.98646545,40.72703170776367,1,4.5,0.5,0.5,1,0,0.3,6.8
2,3/1/2016 0:00,3/1/2016 0:08,2,2.81,-73.96698761,40.76136016845703,1,N,-73.93946838,40.79051208496094,1,10,0.5,0.5,2.26,0,0.3,13.56
2,3/1/2016 0:00,3/1/2016 0:12,3,2.45,-73.98740387,40.721866607666016,1,N,-73.99153137,40.745853424072266,1,10.5,0.5,0.5,1,0,0.3,12.8
2,3/1/2016 0:00,3/1/2016 0:10,1,2.61,-73.97839355,40.75227355957031,1,N,-73.97775269,40.778823852539055,1,10.5,0.5,0.5,2,0,0.3,13.8
1,3/1/2016 0:00,3/1/2016 0:06,1,1,-73.97275543,40.755905151367195,1,N,-73.98736572,40.7563591,2,6,0.5,0.5,0,0,0.3,7.3
2,3/1/2016 0:00,3/1/2016 0:09,1,0.73,-74.65130615,40.60926055908203,1,N,-74.65130615,40.60926055908203,1,6.5,0.5,0.5,1,0,0.3,8.8
2,3/1/2016 0:00,3/1/2016 0:08,2,1.92,-73.9866333,40.741226196289055,1,N,-73.99603271,40.71889114379882,1,8.5,0.5,0.5,2.94,0,0.3,12.74
2,3/1/2016 0:00,3/1/2016 0:13,1,3.25,-73.98587799,40.74684143066406,1,N,-74.00724792,40.70756149291992,1,12,0.5,0.5,2,0,0.3,15.3
2,3/1/2016 0:00,3/1/2016 0:10,1,4.83,-73.97080994,40.751819610595696,1,N,-74.00531769,40.708961486816406,2,15.5,0.5,0.5,0,0,0.3,16.8
2,3/1/2016 0:00,3/1/2016 0:08,1,2.46,-73.97491455,40.76174545288086,1,N,-73.98908997,40.732303619384766,1,9.5,0.5,0.5,1,0,0.3,11.8
1,3/1/2016 0:00,3/1/2016 0:12,1,2.8,-73.97598267,40.760536193847656,1,N,-73.98314667,40.728172302246094,1,11.5,0.5,0.5,2,0,0.3,14.8
1,3/1/2016 0:00,3/1/2016 0:05,1,0.8,-73.97419739,40.75098801,1,N,-73.98958588,40.75673675537109,2,5.5,0.5,0.5,0,0,0.3,6.8
2,3/1/2016 0:00,3/1/2016 0:13,1,2.85,-73.95240784,40.81066131591797,1,N,-73.97737122,40.78435897827149,1,12,0.5,0.5,2.66,0,0.3,15.96
2,3/1/2016 0:00,3/1/2016 0:15,1,4.33,-73.95482635,40.78363037109375,1,N,-73.99717712,40.73490524291992,1,15,0.5,0.5,3.26,0,0.3,19.56
2,3/1/2016 0:00,3/1/2016 0:14,1,5.06,-73.97641754,40.785839080810554,1,N,-73.94049835,40.842960357666016,1,17,0.5,0.5,3.1,0,0.3,21.4
2,3/1/2016 0:00,3/1/2016 0:03,1,0.54,-73.95626068,40.80332946777344,1,N,-73.96305847,40.80189895629882,1,4.5,0.5,0.5,0,0,0.3,5.8
1,3/1/2016 0:00,3/1/2016 0:06,1,1.1,-73.98860168,40.75708770751953,1,N,-73.98882294,40.76893234,1,6.5,0.5,0.5,1.55,0,0.3,9.35
1,3/1/2016 0:00,3/1/2016 0:24,1,9.5,-73.97509003,40.75059509277344,1,N,-73.96178436,40.654178619384766,1,29,0.5,0.5,6.05,0,0.3,36.35
2,3/1/2016 0:00,3/1/2016 0:04,3,0.55,-73.94594574,40.79274368286133,1,N,-73.94728851,40.79091644287109,2,4,0.5,0.5,0,0,0.3,5.3
1,3/1/2016 0:00,3/1/2016 0:06,1,1.5,-73.98848724,40.737354278564446,1,N,-73.99694824,40.71928024291992,3,7,0.5,0.5,0,0,0.3,8.3
1,3/1/2016 0:00,3/1/2016 0:11,1,2.4,-73.97399902,40.74312210083008,1,N,-73.967659,40.770332336425774,2,10.5,0.5,0.5,0,0,0.3,11.8
1,3/1/2016 0:00,3/1/2016 0:07,1,1.2,-73.98757935,40.70003509521485,1,N,-73.97296906,40.69405746459961,1,7,0.5,0.5,1,0,0.3,9.3
1,3/1/2016 0:00,3/1/2016 0:12,1,5.4,-73.99621582,40.75999069213867,1,N,-73.95303345,40.80948257446289,1,17.5,0.5,0.5,3.76,0,0.3,22.56
2,3/1/2016 0:00,3/1/2016 0:08,1,1.43,-73.9988327,40.72496795654297,1,N,-74.00899506,40.73814392089844,1,7.5,0.5,0.5,2.64,0,0.3,11.44
2,3/1/2016 0:00,3/1/2016 0:11,1,2.99,-73.97748566,40.75304031,1,N,-74.00258636,40.7199707,1,11.5,0.5,0.5,2.56,0,0.3,15.36
2,3/1/2016 0:00,3/1/2016 0:03,2,0.46,-74.01016998,40.71933364868164,1,N,-74.01359558,40.71672058105469,2,4,0.5,0.5,0,0,0.3,5.3
2,3/1/2016 0:00,3/1/2016 0:11,1,2.91,0,0,1,N,0,0,1,12,0.5,0.5,3.32,0,0.3,16.62
1,3/1/2016 0:00,3/1/2016 0:12,1,3.4,-73.98661041,40.76193618774414,1,N,-73.94239044,40.74867248535156,1,12.5,0.5,0.5,4.1,0,0.3,17.9
1,3/1/2016 0:00,3/1/2016 0:03,1,0.9,-73.97314453,40.76403045654297,1,N,-73.98130798,40.75306701660156,1,4.5,0.5,0.5,2,0,0.3,7.8
2,3/1/2016 0:00,3/1/2016 0:07,1,1.32,-73.99399567,40.72010803222656,1,N,-73.98394775,40.73762512207031,2,7,0.5,0.5,0,0,0.3,8.3
1,3/1/2016 0:00,3/1/2016 0:07,1,1,-73.98197937,40.763042449951165,1,N,-73.96868896,40.75478363037109,2,6,0.5,0.5,0,0,0.3,7.3
2,3/1/2016 0:00,3/1/2016 0:16,1,4.76,-74.00792694,40.748172760009766,1,N,-73.96783447,40.79297637939453,2,17.5,0.5,0.5,0,0,0.3,18.8
2,3/1/2016 0:00,3/1/2016 0:08,1,4.51,-73.97218323,40.79489135742188,1,N,-73.9393692,40.848270416259766,1,14,0.5,0.5,2,0,0.3,17.3
2,3/1/2016 0:00,3/1/2016 0:08,1,1.42,-73.97393799,40.75355148,1,N,-73.98504639,40.76599884033203,1,7,0.5,0.5,1.66,0,0.3,9.96
1,3/1/2016 0:00,3/1/2016 0:08,2,2.3,-73.97753143,40.75334167480469,1,N,-74.0013504,40.731292724609375,1,9,0.5,0.5,3.05,0,0.3,13.35
1,3/1/2016 0:00,3/1/2016 0:05,1,0.5,-73.97672272,40.68385696411133,1,N,-73.97851563,40.68935775756836,1,5,0.5,0.5,4,0,0.3,10.3
2,3/1/2016 0:00,3/1/2016 0:21,1,5.66,-73.97499847,40.757671356201165,1,N,-73.89971924,40.72565841674805,2,20,0.5,0.5,0,0,0.3,21.3
2,3/1/2016 0:00,3/1/2016 0:05,6,1.47,-73.97740936,40.75219345092773,1,N,-73.99633789,40.74768829345703,1,6.5,0.5,0.5,1.95,0,0.3,9.75
1,3/1/2016 0:00,3/1/2016 0:15,1,2.8,-74.00601196,40.74011993408203,1,N,-73.97261047,40.75631713867188,1,12.5,0.5,0.5,2.76,0,0.3,16.56
2,3/1/2016 0:00,3/1/2016 0:39,3,18.34,-73.79316711,40.656829833984375,5,N,-73.79316711,40.656829833984375,2,58.34,0,0.5,0,0,0.3,59.14
2,3/1/2016 0:00,3/1/2016 0:07,6,1.74,-73.9786377,40.76277923583984,1,N,-73.97730255,40.78361892700195,1,8,0.5,0.5,1.86,0,0.3,11.16
1,3/1/2016 0:00,3/1/2016 0:40,1,20.2,-73.78993225,40.64365005493164,2,Y,-73.97976685,40.71455764770508,2,52,0,0.5,0,0,0.3,52.8
2,3/1/2016 0:00,3/1/2016 0:05,1,0.9,-73.97323608,40.759590148925774,1,N,-73.98795319,40.76502609,1,5.5,0.5,0.5,1.36,0,0.3,8.16
2,3/1/2016 0:00,3/1/2016 0:14,1,3.37,-73.95195007,40.779609680175774,1,N,-73.98918915,40.756309509277344,1,13,0.5,0.5,1,0,0.3,15.3
2,3/1/2016 0:00,3/1/2016 0:10,1,1.2,-73.97566986,40.75677108764648,1,N,-73.98316193,40.766883850097656,1,8,0.5,0.5,2.32,0,0.3,11.62
2,3/1/2016 0:00,3/1/2016 0:38,2,18.95,-73.79023743,40.644039154052734,2,N,-73.96041107,40.81586837768555,2,52,0,0.5,0,5.54,0.3,58.34
1,3/1/2016 0:00,3/1/2016 0:13,4,2.5,-73.98733521,40.73789978027344,1,N,-73.98337555,40.76454162597656,1,11,0.5,0.5,3.07,0,0.3,15.37
2,3/1/2016 0:00,3/1/2016 0:15,6,3.32,-73.9969635,40.72977828979492,1,N,-73.99897003,40.76095962524414,1,13,0.5,0.5,1,0,0.3,15.3
1,3/1/2016 0:00,3/1/2016 0:13,1,3.9,-73.99159241,40.72639465332031,1,N,-73.95220947,40.74953079223633,2,14,0.5,0.5,0,0,0.3,15.3
1,3/1/2016 0:00,3/1/2016 0:01,2,0.2,-73.98856354,40.74924087524414,1,N,-73.98527527,40.75021362304688,2,3,0.5,0.5,0,0,0.3,4.3
2,3/1/2016 0:00,3/1/2016 0:12,1,2.81,-73.98783875,40.74422073364258,1,N,-73.97911835,40.713764190673835,1,12,0.5,0.5,3.32,0,0.3,16.62
2,3/1/2016 0:00,3/1/2016 0:18,5,7.91,-73.98805237,40.759647369384766,1,N,-73.93750763,40.839393615722656,1,24.5,0.5,0.5,5.16,0,0.3,30.96
1,3/1/2016 0:00,3/1/2016 0:12,1,2.9,-73.98555756,40.74190521240234,1,N,-73.95589447,40.77460479736328,1,11.5,0.5,0.5,2.55,0,0.3,15.35
1,3/1/2016 0:00,3/1/2016 0:33,1,10,-73.96387482,40.808197021484375,1,N,-73.95819092,40.71068954467773,1,33,0.5,0.5,5,0,0.3,39.3
2,3/1/2016 0:00,3/1/2016 0:04,1,1.07,-73.97466278,40.75336837768555,1,N,-73.98757172,40.74724960327149,1,5.5,0.5,0.5,1.36,0,0.3,8.16
1,3/1/2016 0:00,3/1/2016 0:23,2,9.1,-73.97673035,40.78847503662109,1,N,-73.860466,40.83351898,2,27.5,0.5,0.5,0,0,0.3,28.8
1,3/1/2016 0:00,3/1/2016 0:04,1,0.5,-73.99118805,40.72389602661133,1,N,-73.99319458,40.716602325439446,1,4.5,0.5,0.5,1.15,0,0.3,6.95
1,3/1/2016 0:00,3/1/2016 0:03,1,0.7,-73.98664093,40.76170349121094,1,N,-73.98216248,40.77064514160156,1,4,0.5,0.5,2,0,0.3,7.3
1,3/1/2016 0:00,3/1/2016 0:36,1,18.9,-73.78217316,40.64477157592773,2,N,-73.98522949,40.78030776977539,1,52,0,0.5,7,0,0.3,59.8
1,3/1/2016 0:00,3/1/2016 0:04,1,0.7,-73.97136688,40.7578125,1,N,-73.97218323,40.74972915649414,1,5,0.5,0.5,2,0,0.3,8.3
2,3/1/2016 0:00,3/1/2016 0:06,1,1.47,-73.98297882,40.74473953,1,N,-73.99188232,40.72655106,1,7,0.5,0.5,1.66,0,0.3,9.96
2,3/1/2016 0:00,3/1/2016 0:04,1,0.58,-73.96846771,40.75896835327149,1,N,-73.96259308,40.76401138305664,1,4.5,0.5,0.5,1.16,0,0.3,6.96
2,3/1/2016 0:00,3/1/2016 0:11,1,2.59,-73.97588348,40.76015853881836,1,N,-74.00469208,40.73810958862305,1,10.5,0.5,0.5,2.95,0,0.3,14.75
2,3/1/2016 0:00,3/1/2016 0:29,6,5.98,-73.99207306,40.749942779541016,1,N,-73.93786621,40.69880676269531,1,23.5,0.5,0.5,6.2,0,0.3,31
1,3/1/2016 0:00,3/1/2016 0:08,1,1.1,-73.96805573,40.759368896484375,1,N,-73.98141479,40.76885223388672,1,7,0.5,0.5,1.65,0,0.3,9.95
2,3/1/2016 0:00,3/1/2016 0:02,1,0.42,-73.99978638,40.721900939941406,1,N,-73.99497223,40.71852111816406,1,3.5,0.5,0.5,0.96,0,0.3,5.76
2,3/1/2016 0:01,3/1/2016 0:29,1,9.55,-73.93865967,40.84545898,1,N,-73.92498016,40.74037551879882,1,31.5,0.5,0.5,7.67,5.54,0.3,46.01
2,3/1/2016 0:01,3/1/2016 0:02,1,0.35,-73.9625473,40.77000809,1,N,-73.966362,40.76784133911133,1,3.5,0.5,0.5,0.96,0,0.3,5.76
2,3/1/2016 0:01,3/1/2016 0:21,3,8.97,-73.97431183,40.76211166381836,1,N,-73.90825653,40.84886932373047,1,27,0.5,0.5,1.7,0,0.3,30
2,3/1/2016 0:01,3/1/2016 0:08,1,3.49,-73.87437439,40.773792266845696,1,N,-73.92630005,40.76366043,1,11.5,0.5,0.5,2.56,0,0.3,15.36
2,3/1/2016 0:01,3/1/2016 0:08,5,1.53,-73.94454956,40.79460525512695,1,N,-73.94675446,40.780460357666016,1,7.5,0.5,0.5,0,0,0.3,8.8
2,3/1/2016 0:01,3/1/2016 0:12,1,3.77,-73.99138641,40.735061645507805,1,N,-73.95474243,40.777679443359375,2,13,0.5,0.5,0,0,0.3,14.3
1,3/1/2016 0:01,3/1/2016 0:05,1,0.9,-73.99156952,40.71707534790039,1,N,-73.98078156,40.722480773925774,1,5,0.5,0.5,1.25,0,0.3,7.55
1,3/1/2016 0:01,3/1/2016 0:06,1,0.7,-73.98426819,40.73038864135742,1,N,-73.97920227,40.72363281,1,6,0.5,0.5,1.45,0,0.3,8.75
2,3/1/2016 0:01,3/1/2016 0:07,4,1.65,-73.96935272,40.75825119018555,1,N,-73.98725128,40.74861145019531,1,7,0.5,0.5,1.66,0,0.3,9.96
2,3/1/2016 0:01,3/1/2016 0:10,2,2.46,-73.97924042,40.75323867797852,1,N,-74.00267029,40.73122024536133,1,9.5,0.5,0.5,3.24,0,0.3,14.04
2,3/1/2016 0:01,3/1/2016 0:14,6,1.96,-73.98872375,40.72288131713867,1,N,-74.00626373,40.733619689941406,2,10.5,0.5,0.5,0,0,0.3,11.8
1,3/1/2016 0:01,3/1/2016 0:07,1,1.6,-73.99185944,40.749000549316406,1,N,-73.9770813,40.73546219,1,7,0.5,0.5,1.66,0,0.3,9.96
2,3/1/2016 0:01,3/1/2016 0:19,1,5.14,-73.98748016,40.755569458007805,1,N,-73.92626953,40.76604843139648,1,18,0.5,0.5,4.82,0,0.3,24.12
2,3/1/2016 0:01,3/1/2016 0:09,1,2.51,-74.00754547,40.748321533203125,1,N,-74.00678253,40.715835571289055,1,9.5,0.5,0.5,1.5,0,0.3,12.3
1,3/1/2016 0:01,3/1/2016 0:32,1,18.3,-73.77679443,40.64554977416992,2,N,-73.99532318,40.72319793701172,1,52,0,0.5,10.55,0,0.3,63.35
1,3/1/2016 0:01,3/1/2016 0:13,1,3.3,-73.97843933,40.76298141479492,1,N,-73.96489716,40.80103302001953,1,12.5,0.5,0.5,2.75,0,0.3,16.55
1,3/1/2016 0:01,3/1/2016 0:14,1,3.2,-73.9870224,40.75537490844727,1,N,-73.95058441,40.77481842041016,1,12.5,0.5,0.5,3.45,0,0.3,17.25
2,3/10/2016 7:07,3/10/2016 7:12,1,0.93,-73.9881897,40.74898910522461,1,N,-73.98542786,40.760299682617195,1,6,0,0.5,1.36,0,0.3,8.16
2,3/10/2016 7:07,3/10/2016 7:22,2,3.22,-73.9801178,40.72240067,1,N,-74.0039978,40.750919342041016,1,13,0,0.5,1.5,0,0.3,15.3
2,3/10/2016 7:07,3/10/2016 7:13,2,2.23,-73.99841309,40.73535919189453,1,N,-73.97775269,40.760059356689446,1,8.5,0,0.5,1.86,0,0.3,11.16
2,3/10/2016 7:07,3/10/2016 7:22,1,4.44,-74.01515961,40.71654129,1,N,-73.98274231,40.762500762939446,2,15.5,0,0.5,0,0,0.3,16.3
2,3/10/2016 7:07,3/10/2016 7:30,1,11.43,-73.91806793,40.765419006347656,1,N,-73.789711,40.67298126220703,2,33,0,0.5,0,0,0.3,33.8
2,3/10/2016 7:07,3/10/2016 7:15,5,1,-73.99602509,40.75871658325195,1,N,-73.98077393,40.75705337524414,1,7,0,0.5,1.95,0,0.3,9.75
2,3/10/2016 7:07,3/10/2016 7:13,1,1.37,-73.98664856,40.75933837890625,1,N,-73.98098755,40.774070739746094,2,6.5,0,0.5,0,0,0.3,7.3
2,3/10/2016 7:07,3/10/2016 7:15,3,2.38,-73.95274353,40.783485412597656,1,N,-73.97503662,40.75341797,1,9,0,0.5,2,0,0.3,11.8
2,3/10/2016 7:07,3/10/2016 7:11,1,0.73,-73.95843506,40.778316497802734,1,N,-73.95966339,40.77129364013672,1,5,0,0.5,1.45,0,0.3,7.25
2,3/10/2016 7:07,3/10/2016 7:12,1,0.79,-73.99033356,40.756107330322266,1,N,-73.98086548,40.75934219360352,1,5.5,0,0.5,1.26,0,0.3,7.56
2,3/10/2016 7:07,3/10/2016 7:22,1,1.91,-73.98806763,40.72818374633789,1,N,-74.00598907,40.70589065551758,1,11.5,0,0.5,3.08,0,0.3,15.38
2,3/10/2016 7:07,3/10/2016 7:15,1,2.31,-73.94994354,40.77195358276367,1,N,-73.97173309,40.750396728515625,1,9.5,0,0.5,0,0,0.3,10.3
2,3/10/2016 7:07,3/10/2016 7:09,1,0.49,-73.94476318,40.780311584472656,1,N,-73.94895935,40.773601531982415,2,3.5,0,0.5,0,0,0.3,4.3
2,3/10/2016 7:07,3/10/2016 7:11,1,1.07,-73.96199799,40.80044174194336,1,N,-73.97392273,40.79201126098633,1,5.5,0,0.5,1.26,0,0.3,7.56
2,3/10/2016 7:07,3/10/2016 7:12,1,1.33,-73.9822998,40.74002456665039,1,N,-73.97542572,40.75529098510742,1,6,0,0.5,1.7,0,0.3,8.5
2,3/10/2016 7:07,3/10/2016 7:11,1,1.42,-74.01773071,40.70938873291016,1,N,-74.0045166,40.70647048950195,1,6,0,0.5,1.36,0,0.3,8.16
2,3/10/2016 7:07,3/10/2016 7:33,1,4.09,-73.97668457,40.75152206420898,1,N,-73.99876404,40.714012145996094,1,18.5,0,0.5,4.82,0,0.3,24.12
2,3/10/2016 7:07,3/10/2016 7:25,1,4.14,-73.98742676,40.77595901489258,1,N,-74.01006317,40.721088409423835,1,16,0,0.5,2,0,0.3,18.8
2,3/10/2016 7:07,3/10/2016 7:26,1,6.94,-73.97806549,40.75496673583984,1,N,-74.01486206,40.714702606201165,1,22,0,0.5,4.56,0,0.3,27.36
2,3/10/2016 7:07,3/10/2016 7:10,1,0.92,-74.00424957,40.74686813354492,1,N,-74.00865173,40.73810958862305,1,5,0,0.5,1,0,0.3,6.8
2,3/10/2016 7:07,3/10/2016 7:15,1,1.4,-73.9858017,40.72288513183594,1,N,-73.99494171,40.73564147949219,1,7.5,0,0.5,1.66,0,0.3,9.96
2,3/10/2016 7:07,3/10/2016 7:14,1,2.36,-73.99581146,40.73315048217773,1,N,-73.98004913,40.76021957397461,1,8.5,0,0.5,1.86,0,0.3,11.16
2,3/10/2016 7:07,3/10/2016 7:15,2,1.56,-73.9855423,40.769241333007805,1,N,-73.98446655,40.75156021118164,1,8,0,0.5,1.76,0,0.3,10.56
2,3/10/2016 7:07,3/10/2016 7:15,5,2.3,-73.99739075,40.74166870117188,1,N,-74.01339722,40.71514892578125,1,9.5,0,0.5,2.06,0,0.3,12.36
2,3/10/2016 7:07,3/10/2016 7:20,2,2.19,-73.9813385,40.78073120117188,1,N,-73.97422028,40.75695037841797,1,11,0,0.5,1.5,0,0.3,13.3
2,3/10/2016 7:07,3/10/2016 7:23,1,3.87,-73.95278168,40.803340911865234,1,N,-73.99201965,40.76430130004882,2,14,0,0.5,0,0,0.3,14.8
2,3/10/2016 7:07,3/10/2016 7:13,1,1.13,-73.99880219,40.73992156982422,1,N,-73.98660278,40.74266815185546,1,6,0,0.5,1.36,0,0.3,8.16
2,3/10/2016 7:07,3/10/2016 7:14,1,1.19,-73.99138641,40.749210357666016,1,N,-73.97692871,40.75509643554688,2,7,0,0.5,0,0,0.3,7.8
2,3/10/2016 7:07,3/10/2016 7:13,1,1.22,-73.98137665,40.752811431884766,1,N,-73.97528839,40.75979995727539,1,6.5,0,0.5,1.82,0,0.3,9.12
2,3/10/2016 7:07,3/10/2016 7:14,1,1.5,-73.95368958,40.78805160522461,1,N,-73.93907166,40.80487060546875,1,7.5,0,0.5,2.08,0,0.3,10.38
2,3/10/2016 7:07,3/10/2016 7:18,1,1.03,-73.98345947,40.76500701904297,1,N,-73.98790741,40.76985549926758,1,7.5,0,0.5,2.49,0,0.3,10.79
2,3/10/2016 7:07,3/10/2016 7:10,1,0.85,-74.00624847,40.73366165161133,1,N,-74.00733948,40.74266815185546,2,4.5,0,0.5,0,0,0.3,5.3
2,3/10/2016 7:07,3/10/2016 7:29,1,4.94,-73.91226959,40.74596786499024,1,N,-73.96030426,40.77732849121094,2,19.5,0,0.5,0,0,0.3,20.3
2,3/10/2016 7:07,3/10/2016 7:13,1,1.15,-74.00466156,40.74877166748047,1,N,-73.98838043,40.74889755249024,2,6,0,0.5,0,0,0.3,6.8
2,3/10/2016 7:07,3/10/2016 7:12,2,1.15,-73.98287201,40.73890686035156,1,N,-73.98768616,40.750591278076165,1,6,0,0.5,1.36,0,0.3,8.16
2,3/10/2016 7:07,3/10/2016 7:20,3,2.77,-73.97502136,40.78274917602539,1,N,-73.97563171,40.75366973876953,2,11.5,0,0.5,0,0,0.3,12.3
2,3/10/2016 7:07,3/10/2016 7:19,3,2.72,-73.98881531,40.73104095458984,1,N,-73.9727478,40.761505126953125,1,11.5,0,0.5,2.46,0,0.3,14.76
2,3/10/2016 7:07,3/10/2016 7:09,1,0.41,-73.95759583,40.774051666259766,1,N,-73.95391083,40.77906036376953,2,3.5,0,0.5,0,0,0.3,4.3
2,3/10/2016 7:07,3/10/2016 7:15,1,1.47,-73.94926453,40.823066711425774,1,N,-73.95075226,40.80657196044922,2,7.5,0,0.5,0,0,0.3,8.3
2,3/10/2016 7:07,3/10/2016 7:10,1,0.75,-73.97936249,40.743839263916016,1,N,-73.97264862,40.75313949584961,1,4.5,0,0.5,0.5,0,0.3,5.8
2,3/10/2016 7:07,3/10/2016 7:16,1,1.62,-73.97126007,40.79787826538086,1,N,-73.95861053,40.78402328,1,8.5,0,0.5,1.86,0,0.3,11.16
2,3/10/2016 7:07,3/10/2016 7:12,1,0.88,-73.99180603,40.72942352294922,1,N,-74.00135803,40.73709487915039,1,5.5,0,0.5,2,0,0.3,8.3
2,3/10/2016 7:07,3/10/2016 7:23,5,4.84,-73.99093628,40.75048828,5,N,-74.03489685,40.72713088989258,1,50,0,0.5,12.7,0,0.3,63.5
2,3/10/2016 7:07,3/10/2016 7:09,5,0.49,-73.96304321,40.75697708129882,1,N,-73.97039032,40.75946044921875,1,3.5,0,0.5,0.86,0,0.3,5.16
2,3/10/2016 7:07,3/10/2016 7:09,1,0.3,-74.00637817,40.70582962036133,1,N,-74.01120758,40.703140258789055,1,3.5,0,0.5,0.86,0,0.3,5.16
2,3/10/2016 7:07,3/10/2016 8:16,1,17.49,-73.78924561,40.64341735839844,2,N,-73.99181366,40.75008773803711,2,52,0,0.5,0,5.54,0.3,58.34
2,3/10/2016 7:07,3/10/2016 7:15,2,1.96,-73.97659302,40.74388122558594,1,N,-73.99636078,40.72583008,2,8,0,0.5,0,0,0.3,8.8
2,3/10/2016 7:07,3/10/2016 7:15,5,1.16,-73.97949219,40.77145004272461,1,N,-73.97476959,40.76071548461913,1,7,0,0.5,1.2,0,0.3,9
2,3/10/2016 7:07,3/10/2016 7:13,1,1.63,-73.97985077,40.776180267333984,1,N,-73.96357727,40.77413558959961,1,7,0,0.5,1.56,0,0.3,9.36
2,3/10/2016 7:07,3/10/2016 7:11,6,1.02,-73.99677277,40.73731613,1,N,-73.98577118,40.74437332,1,5.5,0,0.5,1,0,0.3,7.3
2,3/10/2016 7:07,3/10/2016 7:25,1,3.17,-73.95301819,40.76689910888672,1,N,-73.99128723,40.74974060058594,1,14,0,0.5,2.96,0,0.3,17.76
2,3/10/2016 7:07,3/10/2016 7:31,2,11.15,-73.97376251,40.755176544189446,1,N,-73.86509705,40.77057647705078,2,32.5,0,0.5,0,5.54,0.3,38.84
2,3/10/2016 7:07,3/10/2016 7:12,1,1,-73.93955994,40.80514907836913,1,N,-73.94902802,40.793548583984375,1,5.5,0,0.5,1,0,0.3,7.3
2,3/10/2016 7:07,3/10/2016 7:44,1,12.59,-73.86629486,40.771183013916016,1,N,-73.97476196,40.75888442993164,1,39,0,0.5,9.07,5.54,0.3,54.41
2,3/10/2016 7:07,3/10/2016 7:20,1,2.67,-74.00669098,40.73128891,1,N,-73.97503662,40.741641998291016,2,11.5,0,0.5,0,0,0.3,12.3
2,3/10/2016 7:07,3/10/2016 7:12,2,1,-73.96524811,40.75933074951172,1,N,-73.9614563,40.76824951171875,1,5.5,0,0.5,1.26,0,0.3,7.56
2,3/10/2016 7:07,3/10/2016 7:11,1,0.83,-73.97894287,40.740631103515625,1,N,-73.98972321,40.73841094970703,1,5,0,0.5,1.16,0,0.3,6.96
2,3/10/2016 7:07,3/10/2016 7:12,1,0.53,-73.97688293,40.755908966064446,1,N,-73.9866333,40.76023864746094,2,5,0,0.5,0,0,0.3,5.8
2,3/10/2016 7:07,3/10/2016 8:08,1,18.04,-73.78180695,40.64484786987305,2,N,-73.98865509,40.728965759277344,2,52,0,0.5,0,5.54,0.3,58.34
2,3/10/2016 7:07,3/10/2016 7:21,1,3.28,-73.98577118,40.746768951416016,1,N,-74.01463318,40.71445083618164,1,12.5,0,0.5,1.5,0,0.3,14.8
2,3/10/2016 7:07,3/10/2016 7:13,4,2.05,-74.0045166,40.73793029785156,1,N,-73.98336792,40.75558090209961,1,7.5,0,0.5,1.66,0,0.3,9.96
2,3/10/2016 7:07,3/10/2016 7:14,1,0.94,-73.96192932,40.755619049072266,1,N,-73.97753906,40.758159637451165,2,6.5,0,0.5,0,0,0.3,7.3
2,3/10/2016 7:07,3/10/2016 7:10,5,0.72,-73.94300079,40.81669235229492,1,N,-73.94786835,40.823638916015625,1,4.5,0,0.5,0,0,0.3,5.3
2,3/10/2016 7:07,3/10/2016 7:13,2,1.18,-73.99365997,40.75187301635742,1,N,-73.98072052,40.75435256958008,1,6,0,0.5,1.7,0,0.3,8.5
2,3/10/2016 7:07,3/10/2016 7:19,1,1.57,-73.96914673,40.75398635864258,1,N,-73.99084473,40.75572967529297,1,9.5,0,0.5,2.06,0,0.3,12.36
2,3/10/2016 7:07,3/10/2016 7:18,1,4.85,-73.84340668,40.721412658691406,1,N,-73.86468506,40.770240783691406,1,15,0,0.5,0,0,0.3,15.8
2,3/10/2016 7:07,3/10/2016 7:13,3,0.56,-73.99121094,40.75542831420898,1,N,-73.98193359,40.75189971923828,1,5.5,0,0.5,1.2,0,0.3,7.5
2,3/10/2016 7:07,3/10/2016 7:11,1,0.42,-73.97464752,40.765033721923835,1,N,-73.96970367,40.76611328,1,4,0,0.5,1.44,0,0.3,6.24
2,3/10/2016 7:07,3/10/2016 7:15,5,1.4,-73.98673248,40.75126647949219,1,N,-73.97102356,40.7590332,1,7.5,0,0.5,1.66,0,0.3,9.96
2,3/10/2016 7:07,3/10/2016 7:18,2,2.58,-73.97418976,40.64440536499024,1,N,-73.95116425,40.66724777,1,10.5,0,0.5,1.5,0,0.3,12.8
2,3/10/2016 7:07,3/10/2016 7:18,1,2.89,-73.9848175,40.769561767578125,1,N,-73.97756958,40.75387954711913,1,11,0,0.5,3.54,0,0.3,15.34
2,3/10/2016 7:07,3/10/2016 7:19,1,2.55,-73.99247742,40.72434616088867,1,N,-73.97580719,40.75510025024414,1,11,0,0.5,2.36,0,0.3,14.16
2,3/10/2016 7:07,3/10/2016 7:12,1,0.61,-73.955513,40.76760101,1,N,-73.96389008,40.76795959472656,1,5,0,0.5,1.45,0,0.3,7.25
2,3/10/2016 7:07,3/10/2016 7:12,1,1.06,-73.9911499,40.75558853149414,1,N,-73.9776535,40.76036834716797,1,5.5,0,0.5,1.26,0,0.3,7.56
2,3/10/2016 7:07,3/10/2016 7:12,1,1.13,-73.99601746,40.72630692,1,N,-74.00715637,40.71463394165039,1,6,0,0.5,2.2,0,0.3,9
2,3/10/2016 7:07,3/10/2016 7:13,1,1.26,-73.98974609,40.73579788208008,1,N,-73.97745514,40.75097656,2,6.5,0,0.5,0,0,0.3,7.3
2,3/10/2016 7:07,3/10/2016 7:20,5,3.05,-73.99889374,40.744731903076165,1,N,-74.01410675,40.714168548583984,1,12,0,0.5,1.5,0,0.3,14.3
2,3/10/2016 7:07,3/10/2016 7:50,1,12.92,-73.99021149,40.68706512451172,1,N,-73.78357697,40.64369583129882,1,42.5,0,0.5,8.66,0,0.3,51.96
2,3/10/2016 7:07,3/10/2016 7:17,1,1.28,-73.98023987,40.73904037475586,1,N,-73.99152374,40.7487793,1,8.5,0,0.5,1,0,0.3,10.3
2,3/10/2016 7:07,3/10/2016 7:15,1,2.01,-73.97955322,40.77603149414063,1,N,-73.95697784,40.78340911865234,1,8.5,0,0.5,0.93,0,0.3,10.23
2,3/10/2016 7:07,3/10/2016 7:28,1,5.54,-73.98087311,40.78459930419922,1,N,-73.99835968,40.723270416259766,1,19,0,0.5,2.2,0,0.3,22
2,3/10/2016 7:07,3/10/2016 7:10,3,0.86,-73.97619629,40.744659423828125,1,N,-73.98403931,40.73360824584961,1,5,0,0.5,1,0,0.3,6.8
2,3/10/2016 7:07,3/10/2016 7:10,1,0.54,-73.97737885,40.75585174560546,1,N,-73.97226715,40.76242065429688,1,4,0,0.5,1.44,0,0.3,6.24
2,3/10/2016 7:07,3/10/2016 7:10,6,0.48,-74.00785828,40.71548080444336,1,N,-74.0092926,40.72071075439453,1,4,0,0.5,0.96,0,0.3,5.76
2,3/10/2016 7:07,3/10/2016 7:32,1,15.18,-73.95033264,40.74158859,2,N,-73.77632904,40.64569854736328,1,52,0,0.5,11.67,5.54,0.3,70.01
2,3/10/2016 7:07,3/10/2016 7:12,1,1.04,-73.98091125,40.78176117,1,N,-73.98728943,40.77030944824219,1,5.5,0,0.5,1.26,0,0.3,7.56
2,3/10/2016 7:07,3/10/2016 7:27,3,3.14,-73.97394562,40.79216384887695,1,N,-73.9778595,40.75714111328125,2,15.5,0,0.5,0,0,0.3,16.3
2,3/10/2016 7:07,3/10/2016 7:28,1,3.13,-73.97785187,40.76098251342773,1,N,-73.94597626,40.78163146972656,1,15.5,0,0.5,4.89,0,0.3,21.19
2,3/10/2016 7:07,3/10/2016 7:20,1,2.94,-73.99388885,40.75157928466797,1,N,-73.95932007,40.769309997558594,1,11.5,0,0.5,1,0,0.3,13.3
2,3/10/2016 7:07,3/10/2016 7:26,2,4.79,-73.97124481,40.79698181152344,1,N,-73.99464417,40.750335693359375,1,18,0,0.5,4.7,0,0.3,23.5
2,3/10/2016 7:07,3/10/2016 7:27,1,2.53,-73.99005127,40.75591659545898,1,N,-73.97711182,40.73638534545898,2,14.5,0,0.5,0,0,0.3,15.3
2,3/10/2016 7:07,3/10/2016 7:11,3,0.73,-73.96605682,40.758346557617195,1,N,-73.97003174,40.76454162597656,1,4.5,0,0.5,1.06,0,0.3,6.36
2,3/10/2016 7:07,3/10/2016 7:21,2,2.02,-73.94136047,40.78771973,1,N,-73.9630127,40.80406951904297,1,10.5,0,0.5,0,0,0.3,11.3
2,3/10/2016 7:07,3/10/2016 7:14,5,1.15,-73.95558929,40.777000427246094,1,N,-73.95558929,40.765979766845696,2,6.5,0,0.5,0,0,0.3,7.3
2,3/10/2016 7:07,3/10/2016 7:17,5,1.65,-73.96071625,40.77515411376953,1,N,-73.97476959,40.75583267211913,1,9,0,0.5,1.5,0,0.3,11.3
2,3/10/2016 7:07,3/10/2016 7:15,1,1.74,-73.95775604,40.769878387451165,1,N,-73.97483063,40.752567291259766,2,8,0,0.5,0,0,0.3,8.8
2,3/10/2016 7:07,3/10/2016 7:19,1,2.69,-73.98946381,40.747657775878906,1,N,-74.00079346,40.71794128417969,1,11,0,0.5,2.95,0,0.3,14.75
2,3/10/2016 7:07,3/10/2016 7:28,1,4.21,-73.99401855,40.751258850097656,1,N,-73.95349121,40.80176162719727,1,17,0,0.5,3.56,0,0.3,21.36
2,3/10/2016 7:07,3/10/2016 7:18,1,2.17,-73.99329376,40.73647689819336,1,N,-73.97569275,40.75480270385742,1,10,0,0.5,1.5,0,0.3,12.3
2,3/10/2016 7:07,3/10/2016 7:22,1,2.01,-73.98322296,40.76340866088867,1,N,-73.95521545,40.76588058,1,10.5,0,0.5,2.26,0,0.3,13.56
2,3/10/2016 7:07,3/10/2016 7:11,1,0.67,-74.00280762,40.70663070678711,1,N,-74.01109314,40.70354843139648,2,5,0,0.5,0,0,0.3,5.8
2,3/10/2016 7:07,3/10/2016 7:28,1,6.38,-73.97116852,40.782901763916016,1,N,-74.01410675,40.71413040161133,1,21.5,0,0.5,4.46,0,0.3,26.76
2,3/10/2016 7:07,3/10/2016 7:11,1,1.08,-73.98162079,40.77362823486328,1,N,-73.98158264,40.76155853271485,1,5.5,0,0.5,1.26,0,0.3,7.56
2,3/10/2016 7:07,3/10/2016 7:10,5,0.61,-73.96372223,40.769561767578125,1,N,-73.96839905,40.76179122924805,1,4.5,0,0.5,1.06,0,0.3,6.36
2,3/10/2016 7:07,3/10/2016 7:43,1,7.4,-74.00802612,40.722949981689446,1,N,-73.96320343,40.80916595458984,1,28.5,0,0.5,8.71,5.54,0.3,43.55
2,3/10/2016 7:07,3/10/2016 7:12,1,0.5,-73.98555756,40.75283050537109,1,N,-73.99150848,40.74988937,2,4.5,0,0.5,0,0,0.3,5.3
2,3/10/2016 7:07,3/10/2016 7:18,5,2.38,-73.95871735,40.763771057128906,1,N,-73.95167542,40.790672302246094,1,9.5,0,0.5,2.06,0,0.3,12.36
2,3/10/2016 7:07,3/10/2016 7:15,3,1.29,-73.9604187,40.77577972412109,1,N,-73.97956085,40.78376007080078,1,7.5,0,0.5,1,0,0.3,9.3
2,3/10/2016 7:07,3/10/2016 7:19,1,1.41,-73.99197388,40.75408935546875,1,N,-73.9759903,40.760150909423835,2,9,0,0.5,0,0,0.3,9.8
2,3/10/2016 7:07,3/10/2016 7:13,5,1.34,-73.97009277,40.789546966552734,1,N,-73.95603943,40.77977752685546,1,6.5,0,0.5,1.46,0,0.3,8.76
2,3/10/2016 7:07,3/10/2016 7:14,1,1.47,-73.95644379,40.77824020385742,1,N,-73.96350861,40.76200866699219,2,7,0,0.5,0,0,0.3,7.8
2,3/10/2016 7:07,3/10/2016 7:35,1,7.45,-73.99671936,40.69350814819336,1,N,-73.97471619,40.76045989990234,1,24,0,0.5,2,0,0.3,26.8
2,3/10/2016 7:08,3/10/2016 7:22,1,5.59,-74.0123291,40.70143127441406,1,N,-73.97142792,40.75841141,2,17.5,0,0.5,0,0,0.3,18.3
2,3/10/2016 7:08,3/10/2016 7:13,2,1.43,-73.98741913,40.77064895629882,1,N,-73.98739624,40.756290435791016,1,6.5,0,0.5,0.7,0,0.3,8
2,3/10/2016 7:08,3/10/2016 7:15,1,2.04,-73.98516846,40.73598861694336,1,N,-73.97395325,40.76007080078125,1,8.5,0,0.5,1,0,0.3,10.3
2,3/10/2016 7:08,3/10/2016 7:12,6,1.36,-73.96192169,40.77088547,1,N,-73.97234344,40.75497817993164,1,6,0,0.5,1.02,0,0.3,7.82
2,3/10/2016 7:08,3/10/2016 7:16,6,1.59,-73.99105835,40.75067901611328,1,N,-73.97251129,40.74655151367188,2,7.5,0,0.5,0,0,0.3,8.3
2,3/10/2016 7:08,3/10/2016 7:11,1,0.94,-73.99020386,40.772064208984375,1,N,-73.98757935,40.76294708251953,1,4.5,0,0.5,0.7,0,0.3,6
2,3/10/2016 7:08,3/10/2016 7:28,5,3.62,-73.9489975,40.774120330810554,1,N,-73.9913559,40.75047684,1,16,0,0.5,4.2,0,0.3,21
2,3/10/2016 7:08,3/10/2016 7:21,1,2.53,-74.00639343,40.73863983154297,1,N,-73.97830963,40.75118637084961,1,11.5,0,0.5,2,0,0.3,14.3
2,3/10/2016 7:08,3/10/2016 7:14,1,1.6,-73.96408081,40.79271317,1,N,-73.95541382,40.77770614624024,1,7,0,0.5,1,0,0.3,8.8
2,3/10/2016 7:08,3/10/2016 7:12,2,0.72,-73.95330811,40.771270751953125,1,N,-73.94827271,40.774070739746094,2,4.5,0,0.5,0,0,0.3,5.3
2,3/10/2016 7:08,3/10/2016 7:13,6,0.77,-73.93973541,40.79426956176758,1,N,-73.95005798,40.78710174560546,2,5.5,0,0.5,0,0,0.3,6.3
2,3/10/2016 7:08,3/10/2016 7:12,2,1.12,-73.96115875,40.768848419189446,1,N,-73.95263672,40.78230285644531,2,5.5,0,0.5,0,0,0.3,6.3
2,3/10/2016 7:08,3/10/2016 7:12,5,1.3,-73.9887619,40.74860382080078,1,N,-73.97774506,40.76197052001953,1,6,0,0.5,0.7,0,0.3,7.5
2,3/10/2016 7:08,3/10/2016 7:22,2,2.44,-73.98932648,40.688358306884766,1,N,-74.00363159,40.707969665527344,2,11.5,0,0.5,0,0,0.3,12.3
2,3/10/2016 7:08,3/10/2016 7:23,1,3.38,-73.98062134,40.753231048583984,1,N,-74.00997162,40.72085189819336,2,13.5,0,0.5,0,0,0.3,14.3
2,3/10/2016 7:08,3/10/2016 7:22,2,1.62,-73.99942017,40.76129150390625,1,N,-73.97788239,40.76306915283203,1,10.5,0,0.5,2.26,0,0.3,13.56
2,3/10/2016 7:08,3/10/2016 7:12,6,0.8,-73.92576599,40.65811920166016,1,N,-73.93128204,40.66716384887695,2,5.5,0,0.5,0,0,0.3,6.3
2,3/10/2016 7:08,3/10/2016 7:14,1,1.51,-73.95748138,40.77431869506836,1,N,-73.97013092,40.75738906860352,1,7,0,0.5,1,0,0.3,8.8
2,3/10/2016 7:08,3/10/2016 7:44,1,10.17,-73.9827652,40.771759033203125,1,N,-73.87258148,40.774452209472656,1,35.5,0,0.5,10.89,0,0.3,47.19
2,3/10/2016 7:08,3/10/2016 7:16,1,1.23,-73.95372009,40.77866363525391,1,N,-73.95497131,40.76557540893555,1,7.5,0,0.5,1.5,0,0.3,9.8
2,3/10/2016 7:08,3/10/2016 7:38,1,4.19,-73.94895172,40.81338119506836,1,N,-73.95358276,40.76395034790039,2,21,0,0.5,0,0,0.3,21.8
2,3/10/2016 7:08,3/10/2016 7:21,2,4.84,-73.78222656,40.64488220214844,1,N,-73.78329468,40.668067932128906,1,16,0,0.5,0,0,0.3,16.8
2,3/10/2016 7:08,3/10/2016 7:17,1,1.8,-73.97917938,40.78195190429688,1,N,-73.9821167,40.76247024536133,1,8.5,0,0.5,1.86,0,0.3,11.16
2,3/10/2016 7:08,3/10/2016 7:20,1,3.38,-73.98648071,40.762149810791016,1,N,-73.96230316,40.80511093139648,1,12,0,0.5,1.8,0,0.3,14.6
2,3/10/2016 7:08,3/10/2016 7:22,1,2.28,-73.95600128,40.772018432617195,1,N,-73.98049164,40.75592803955078,1,12,0,0.5,2.56,0,0.3,15.36
2,3/10/2016 7:08,3/10/2016 7:24,1,3.54,-73.99506378,40.75510025024414,1,N,-74.01358795,40.71549987792969,1,14.5,0,0.5,3.06,0,0.3,18.36
2,3/10/2016 7:08,3/10/2016 7:18,1,2.09,-74.00461578,40.73764801025391,1,N,-73.98349762,40.76548004150391,2,9.5,0,0.5,0,0,0.3,10.3
2,3/10/2016 7:08,3/10/2016 7:16,1,1.95,-73.98801422,40.73924255371094,1,N,-73.97898102,40.76063156,1,8.5,0,0.5,1.86,0,0.3,11.16
2,3/10/2016 7:08,3/10/2016 7:14,1,2.08,-73.98644257,40.772010803222656,1,N,-74.00019836,40.75498962402344,1,8,0,0.5,1.76,0,0.3,10.56
2,3/10/2016 7:08,3/10/2016 7:12,1,1.3,-73.96656799,40.76169967651367,1,N,-73.95477295,40.77762985229492,1,6,0,0.5,1.36,0,0.3,8.16
2,3/10/2016 7:08,3/10/2016 7:14,1,0.9,-73.9782486,40.74560547,1,N,-73.9617157,40.80532836914063,2,6,0,0.5,0,0,0.3,6.8
2,3/10/2016 7:08,3/10/2016 7:25,1,2.66,-73.94817352,40.78268814086913,1,N,-73.98040771,40.76184082,2,13.5,0,0.5,0,0,0.3,14.3
2,3/10/2016 7:08,3/10/2016 7:11,1,0.53,-73.95676422,40.77906418,1,N,-73.95602417,40.78473663330078,1,4,0,0.5,1.2,0,0.3,6
2,3/10/2016 7:08,3/10/2016 7:32,1,9.1,-73.95220947,40.78112030029297,1,N,-73.89302063,40.88891220092773,1,27,0,0.5,5,0,0.3,32.8
2,3/10/2016 7:08,3/10/2016 7:13,1,1.23,-73.99095917,40.75064086914063,1,N,-73.97902679,40.759010314941406,1,6,0,0.5,1.7,0,0.3,8.5
2,3/10/2016 7:08,3/10/2016 7:15,6,1.31,-73.99137878,40.74988937,1,N,-73.97741699,40.73888016,1,7,0,0.5,1.56,0,0.3,9.36
2,3/10/2016 7:08,3/10/2016 7:45,1,10.42,-73.86637115,40.77124023,1,N,-73.96891785,40.764381408691406,1,34,0,0.5,8.07,5.54,0.3,48.41
2,3/10/2016 7:08,3/10/2016 7:38,1,5.83,-73.99558258,40.679195404052734,1,N,-73.99382782,40.74989318847656,1,23,0,0.5,4.76,0,0.3,28.56
2,3/10/2016 7:08,3/10/2016 7:15,1,1.22,-73.98596954,40.72679138183594,1,N,-73.98601532,40.73990631103516,1,7,0,0.5,0.5,0,0.3,8.3
2,3/10/2016 7:08,3/10/2016 7:18,1,1.78,-73.98387146,40.779930114746094,1,N,-73.96808624,40.765357971191406,1,8.5,0,0.5,1.2,0,0.3,10.5
2,3/10/2016 7:08,3/10/2016 7:28,1,6.05,-73.87727356,40.73687362670898,1,N,-73.97268677,40.74645614624024,1,19.5,0,0.5,5.17,5.54,0.3,31.01
2,3/10/2016 7:08,3/10/2016 7:11,1,0.58,-73.96542358,40.76326370239258,1,N,-73.96067047,40.76945877075195,2,4.5,0,0.5,0,0,0.3,5.3
2,3/10/2016 7:08,3/10/2016 7:14,1,1.09,-73.9457016,40.777996063232415,1,N,-73.95584869,40.76399230957031,1,6.5,0,0.5,1.82,0,0.3,9.12
2,3/10/2016 7:08,3/10/2016 7:59,1,17.43,-73.98941803,40.75836563110352,2,N,-73.78208923,40.64432144165039,2,52,0,0.5,0,5.54,0.3,58.34
2,3/10/2016 7:08,3/10/2016 7:31,1,4.6,-73.9796524,40.76540756225586,1,N,-74.00442505,40.707813262939446,2,18.5,0,0.5,0,0,0.3,19.3
2,3/10/2016 7:08,3/10/2016 7:13,1,0.84,-73.97059631,40.78929901123047,1,N,-73.97799683,40.77848052978516,1,5.5,0,0.5,1,0,0.3,7.3
2,3/10/2016 7:08,3/10/2016 7:20,2,2.62,-73.97917938,40.74045181274414,1,N,-73.96115875,40.77202987670898,1,11,0,0.5,1,0,0.3,12.8
2,3/10/2016 7:08,3/10/2016 7:33,1,3.79,-73.95223999,40.76887893676758,1,N,-73.95432281,40.80394363,2,18.5,0,0.5,0,0,0.3,19.3
2,3/10/2016 7:08,3/10/2016 7:14,1,1.93,-73.99655914,40.74290084838867,1,N,-74.00944519,40.72079086303711,1,8,0,0.5,1.76,0,0.3,10.56
2,3/10/2016 7:08,3/10/2016 7:11,1,0.72,-73.95400238,40.77045822143555,1,N,-73.94732666,40.779800415039055,1,4.5,0,0.5,1.06,0,0.3,6.36
2,3/10/2016 7:08,3/10/2016 7:19,1,1.97,-73.978302,40.74560928344727,1,N,-73.95751953,40.76551818847656,1,9,0,0.5,1.96,0,0.3,11.76
2,3/10/2016 7:08,3/10/2016 7:11,1,0.74,-73.95294189,40.77767181396485,1,N,-73.95072937,40.786468505859375,1,4.5,0,0.5,1,0,0.3,6.3
2,3/10/2016 7:08,3/10/2016 7:12,1,0.79,-73.99819183,40.745220184326165,1,N,-73.98504639,40.73981857299805,1,5,0,0.5,1,0,0.3,6.8
2,3/10/2016 7:08,3/10/2016 7:22,1,6.71,-73.97411346,40.74303436279297,1,N,-73.92541504,40.81802368164063,1,20.5,0,0.5,2,0,0.3,23.3
2,3/10/2016 7:08,3/10/2016 7:17,1,1.5,-73.92935181,40.762508392333984,1,N,-73.91352844,40.773529052734375,1,8.5,0,0.5,2.32,0,0.3,11.62
2,3/10/2016 7:08,3/10/2016 7:12,2,0.8,-73.9812088,40.77426910400391,1,N,-73.98329163,40.76525879,1,5,0,0.5,1.16,0,0.3,6.96
2,3/10/2016 7:08,3/10/2016 7:36,1,4.66,-73.96157074,40.661991119384766,1,N,-74.00415802,40.71044922,2,21,0,0.5,0,0,0.3,21.8
2,3/10/2016 7:08,3/10/2016 7:49,1,13.28,-74.01334381,40.704811096191406,1,N,-73.86199188,40.76853561401367,1,39.5,0,0.5,6,0,0.3,46.3
2,3/10/2016 7:08,3/10/2016 7:13,1,1.29,-73.98358154,40.74700164794922,1,N,-73.97164917,40.76311874389648,1,6.5,0,0.5,0.7,0,0.3,8
2,3/10/2016 7:08,3/10/2016 7:19,2,6.81,-73.95070648,40.77151870727539,1,N,-74.01235962,40.70248032,1,20,0,0.5,4.16,0,0.3,24.96
2,3/10/2016 7:08,3/10/2016 7:15,1,1.26,-73.96256256,40.77285003662109,1,N,-73.97550964,40.78221130371094,1,7,0,0.5,1.56,0,0.3,9.36
2,3/10/2016 7:08,3/10/2016 7:15,5,1.44,-74.00544739,40.74082946777344,1,N,-73.9864502,40.743648529052734,1,7.5,0,0.5,1.66,0,0.3,9.96
2,3/10/2016 7:08,3/10/2016 7:19,1,3.08,-74.01641083,40.710006713867195,1,N,-73.99067688,40.74206161499024,2,12,0,0.5,0,0,0.3,12.8
2,3/10/2016 7:08,3/10/2016 7:12,1,0.61,-73.99093628,40.76591110229492,1,N,-73.98325348,40.76129913330078,1,5,0,0.5,0,0,0.3,5.8
2,3/10/2016 7:08,3/10/2016 7:33,2,3.91,-73.95935059,40.6533432,1,N,-73.95452881,40.70368194580078,1,18,0,0.5,2.2,0,0.3,21
2,3/10/2016 7:08,3/10/2016 7:28,1,6.24,-73.97144318,40.78519058227539,1,N,-74.01380157,40.71469879150391,1,20.5,0,0.5,3,0,0.3,24.3
2,3/10/2016 7:08,3/10/2016 7:41,1,16.28,-73.97377777,40.74757004,2,N,-73.78614807,40.643741607666016,1,52,0,0.5,11.67,5.54,0.3,70.01
2,3/10/2016 7:08,3/10/2016 7:14,1,1.16,-73.98899078,40.77775955200195,1,N,-73.97994232,40.76731872558594,2,6.5,0,0.5,0,0,0.3,7.3
2,3/10/2016 7:08,3/10/2016 7:12,2,0.01,-73.77635956,40.64608383178711,2,N,-73.77641296,40.64619827270508,1,52,0,0.5,11.67,5.54,0.3,70.01
2,3/10/2016 7:08,3/10/2016 7:08,5,0,-73.90210724,40.76406478881836,1,N,-73.90209198,40.764122009277344,2,0,0,0,0,0,0,0
2,3/10/2016 7:08,3/10/2016 7:26,2,4.29,-73.99138641,40.72731018066406,1,N,-73.95401001,40.78131866455078,1,16,0,0.5,3.36,0,0.3,20.16
2,3/10/2016 7:08,3/10/2016 7:23,1,2.64,-73.97370148,40.75191116333008,1,N,-73.9564209,40.78416061401367,1,12,0,0.5,2.56,0,0.3,15.36
2,3/10/2016 7:08,3/10/2016 7:17,1,1.08,-73.97956085,40.74615097045898,1,N,-73.97119904,40.75802993774414,2,7.5,0,0.5,0,0,0.3,8.3
2,3/10/2016 7:08,3/10/2016 7:16,3,1.95,-73.98114014,40.72085189819336,1,N,-73.99517822,40.739761352539055,2,8.5,0,0.5,0,0,0.3,9.3
2,3/10/2016 7:08,3/10/2016 7:17,1,1.29,-73.9986496,40.71974945,1,N,-74.00701904,40.70568084716797,1,8,0,0.5,1.76,0,0.3,10.56
2,3/10/2016 7:08,3/10/2016 7:15,1,1.66,-73.96016693,40.77337646484375,1,N,-73.9749527,40.753231048583984,1,7.5,0,0.5,1,0,0.3,9.3
2,3/10/2016 7:08,3/10/2016 7:10,1,0.59,-74.00619507,40.73429489135742,1,N,-73.9986496,40.736343383789055,1,4,0,0.5,1.2,0,0.3,6
2,3/10/2016 7:08,3/10/2016 7:23,1,2.39,-73.9907074,40.76608276367188,1,N,-73.9569397,40.76649094,1,12,0,0.5,1.5,0,0.3,14.3
2,3/10/2016 7:08,3/10/2016 7:11,1,0.61,-73.96392059,40.76779556274414,1,N,-73.9545517,40.765819549560554,2,4.5,0,0.5,0,0,0.3,5.3
2,3/10/2016 7:08,3/10/2016 7:40,1,10.29,-73.98863983,40.758426666259766,1,N,-73.86418915,40.76797103881836,2,34,0,0.5,0,5.54,0.3,40.34
2,3/10/2016 7:08,3/10/2016 7:32,2,8.81,0,0,1,N,0,0,1,28,0,0.5,10.3,5.54,0.3,44.64
2,3/10/2016 7:08,3/10/2016 7:24,1,3.5,-73.9449234,40.834278106689446,1,N,-73.94582367,40.796146392822266,1,14,0,0.5,4.44,0,0.3,19.24
2,3/10/2016 7:08,3/10/2016 7:13,1,0.55,-73.95511627,40.78004455566406,1,N,-73.94708252,40.77596664428711,1,5,0,0.5,1.16,0,0.3,6.96
2,3/10/2016 7:08,3/10/2016 7:28,1,5.16,-74.01609802,40.71511459350586,1,N,-73.98997498,40.72930908203125,1,19,0,0.5,3.96,0,0.3,23.76
2,3/10/2016 7:08,3/10/2016 7:23,1,2.49,-73.97814941,40.78309631347656,1,N,-73.97361755,40.75801849365234,1,12,0,0.5,2,0,0.3,14.8
2,3/10/2016 7:08,3/10/2016 7:20,1,2.4,-73.97065735,40.78577423095703,1,N,-73.95406342,40.76521682739258,1,10.5,0,0.5,2.26,0,0.3,13.56
2,3/10/2016 7:08,3/10/2016 7:13,1,0.82,-73.95334625,40.791141510009766,1,N,-73.94721222,40.78382873535156,1,5,0,0.5,1,0,0.3,6.8
2,3/10/2016 7:08,3/10/2016 7:13,2,0.97,-73.99294281,40.74266434,1,N,-73.97771454,40.736431121826165,2,5.5,0,0.5,0,0,0.3,6.3
2,3/10/2016 7:08,3/10/2016 7:11,1,1.11,-73.99167633,40.74943161010742,1,N,-73.97852325,40.75603103637695,1,5,0,0.5,1.16,0,0.3,6.96
2,3/10/2016 7:08,3/10/2016 7:15,1,1.44,-73.99152374,40.74977111816406,1,N,-73.97975922,40.737350463867195,1,7,0,0.5,0.23,0,0.3,8.03
2,3/10/2016 7:08,3/10/2016 7:13,5,0.85,-73.98738098,40.74066925048828,1,N,-74.00161743,40.74665069580078,1,6,0,0.5,0,0,0.3,6.8
2,3/10/2016 7:08,3/10/2016 7:15,5,1.92,-73.98770142,40.77016067504882,1,N,-73.96994019,40.794578552246094,1,8,0,0.5,1,0,0.3,9.8
2,3/10/2016 7:08,3/10/2016 7:36,1,6.75,-73.95921326,40.76329803466797,1,N,-73.93500519,40.714473724365234,1,24.5,0,0.5,6.17,5.54,0.3,37.01
2,3/10/2016 7:08,3/10/2016 7:33,1,8.17,-73.95437622,40.786746978759766,1,N,-73.87201691,40.77432632446289,2,27.5,0,0.5,0,5.54,0.3,33.84
2,3/10/2016 7:08,3/10/2016 7:18,5,2.53,-74.00241089,40.74504852294922,1,N,-73.97379303,40.76015853881836,1,10,0,0.5,2.16,0,0.3,12.96
2,3/10/2016 7:08,3/10/2016 7:11,1,0.71,-74.001297,40.74140167236328,1,N,-73.99481201,40.75013351,1,4.5,0,0.5,1.32,0,0.3,6.62
2,3/10/2016 7:08,3/10/2016 7:12,5,1.1,-74.00045013,40.728851318359375,1,N,-74.00959015,40.72005081176758,1,5,0,0.5,1.16,0,0.3,6.96
2,3/10/2016 7:08,3/10/2016 7:13,1,0.39,-73.98429871,40.75896072387695,1,N,-73.99066162,40.76184082,2,5,0,0.5,0,0,0.3,5.8
2,3/10/2016 7:08,3/10/2016 7:23,1,2.94,-73.94824219,40.77300262451172,1,N,-73.98045349,40.754356384277344,1,13,0,0.5,1.5,0,0.3,15.3
2,3/10/2016 7:08,3/10/2016 7:26,5,2.82,-73.98068237,40.75286102294922,1,N,-74.00823212,40.728900909423835,1,13.5,0,0.5,2.86,0,0.3,17.16
2,3/10/2016 7:08,3/10/2016 7:16,1,1.46,-73.9777298,40.789188385009766,1,N,-73.95526886,40.777591705322266,1,7.5,0,0.5,1.66,0,0.3,9.96
2,3/10/2016 7:08,3/10/2016 7:18,1,2.76,-73.99145508,40.75007629394531,1,N,-74.01069641,40.71387100219727,2,10.5,0,0.5,0,0,0.3,11.3
2,3/10/2016 7:08,3/10/2016 7:25,1,4.05,-74.01577759,40.71092987060546,1,N,-73.98943329,40.757671356201165,1,16,0,0.5,4.2,0,0.3,21
2,3/10/2016 7:08,3/10/2016 7:22,1,5.51,-73.9616394,40.75559997558594,1,N,-73.9131012,40.81999969482422,1,17.5,0,0.5,2,0,0.3,20.3
2,3/10/2016 7:08,3/10/2016 7:26,1,3.57,-73.98522186,40.773483276367195,1,N,-73.98714447,40.7349968,2,15,0,0.5,0,0,0.3,15.8
2,3/10/2016 7:08,3/10/2016 7:29,1,2.04,-73.97746277,40.75415039,1,N,-73.95604706,40.76617050170898,1,14,0,0.5,3.7,0,0.3,18.5
2,3/10/2016 7:08,3/10/2016 7:20,5,2.88,-73.98838806,40.748580932617195,1,N,-73.97840881,40.78138351,1,11.5,0,0.5,2,0,0.3,14.3
2,3/10/2016 7:08,3/10/2016 7:19,1,2.46,-74.00244904,40.73992156982422,1,N,-73.97496796,40.75771331787109,1,10,0,0.5,1,0,0.3,11.8
2,3/10/2016 7:08,3/10/2016 7:13,5,1.15,-73.98164368,40.74611664,1,N,-73.97392273,40.7604866,1,6,0,0.5,1.36,0,0.3,8.16
2,3/10/2016 7:08,3/10/2016 7:12,1,0.59,-73.98146057,40.75387954711913,1,N,-73.97088623,40.747650146484375,2,4.5,0,0.5,0,0,0.3,5.3
2,3/10/2016 7:08,3/10/2016 7:13,1,1.04,-73.89544678,40.768421173095696,1,N,-73.91116333,40.77584838867188,1,6,0,0.5,1,0,0.3,7.8
2,3/10/2016 7:08,3/10/2016 7:17,2,2.59,-73.98938751,40.74184036254882,1,N,-74.01148987,40.71369934082031,1,9.5,0,0.5,1,0,0.3,11.3
2,3/10/2016 7:08,3/10/2016 7:20,1,2.39,-73.9925766,40.72397613525391,1,N,-73.97266388,40.75411224365234,1,10.5,0,0.5,1.7,0,0.3,13
2,3/10/2016 7:08,3/10/2016 7:21,1,2.36,-73.94748688,40.78033065795898,1,N,-73.98101044,40.78248977661133,1,11,0,0.5,2.36,0,0.3,14.16
2,3/10/2016 7:08,3/10/2016 7:11,1,0.54,-73.9577713,40.765419006347656,1,N,-73.95275116,40.77220916748047,2,4,0,0.5,0,0,0.3,4.8
2,3/10/2016 7:08,3/10/2016 7:14,3,0.87,-73.9978714,40.761280059814446,1,N,-73.98478699,40.75511169433594,1,6,0,0.5,1.36,0,0.3,8.16
2,3/10/2016 7:08,3/10/2016 7:13,1,0.72,-73.93927002,40.805213928222656,1,N,-73.94642639,40.81137466430664,2,5.5,0,0.5,0,0,0.3,6.3
2,3/10/2016 7:08,3/10/2016 7:11,1,0.43,-73.97273254,40.74987030029297,1,N,-73.97273254,40.74517059326172,2,4,0,0.5,0,0,0.3,4.8
2,3/10/2016 7:08,3/10/2016 7:37,1,4.76,-73.9352951,40.699085235595696,1,N,-73.92691803,40.75733184814453,1,21,0,0.5,4.36,0,0.3,26.16
2,3/10/2016 7:08,3/10/2016 7:10,6,0.52,-73.98098755,40.74790954589844,1,N,-73.98564911,40.74137878417969,1,4,0,0.5,0.5,0,0.3,5.3
2,3/10/2016 7:08,3/10/2016 7:16,2,1.25,-73.99085236,40.75571060180664,1,N,-73.97312927,40.757999420166016,2,7,0,0.5,0,0,0.3,7.8
2,3/10/2016 7:08,3/10/2016 7:14,1,0.69,-73.95706177,40.80213165283203,1,N,-73.94837952,40.80315017700195,2,5.5,0,0.5,0,0,0.3,6.3
2,3/10/2016 7:08,3/10/2016 7:14,1,0.69,-73.95706177,40.80213165283203,1,N,-73.94837952,40.80315017700195,3,-5.5,0,-0.5,0,0,-0.3,-6.3
2,3/10/2016 7:08,3/10/2016 7:14,1,1.13,-74.01399231,40.71704102,1,N,-74.01337433,40.70356369018555,1,6.5,0,0.5,1,0,0.3,8.3
2,3/10/2016 7:08,3/10/2016 7:14,2,0.94,-73.99467468,40.75062561035156,1,N,-73.98641968,40.76041030883789,2,6,0,0.5,0,0,0.3,6.8
2,3/10/2016 7:08,3/10/2016 7:15,1,1.17,-73.98944092,40.75186920166016,1,N,-73.97342682,40.75379180908203,1,7,0,0.5,1.56,0,0.3,9.36
2,3/10/2016 7:08,3/10/2016 7:14,6,0.71,-73.94203186,40.80125045776367,1,N,-73.9317627,40.796871185302734,1,5.5,0,0.5,2,0,0.3,8.3
2,3/10/2016 7:08,3/10/2016 7:22,1,1.99,-73.98351288,40.76557540893555,1,N,-73.9552536,40.764514923095696,2,11,0,0.5,0,0,0.3,11.8
2,3/10/2016 7:08,3/10/2016 7:40,1,18.85,-73.94600677,40.78289031982422,2,N,-73.77633667,40.645809173583984,2,52,0,0.5,0,5.54,0.3,58.34
2,3/10/2016 7:08,3/10/2016 7:16,1,1.26,-73.98995972,40.75680160522461,1,N,-73.97203827,40.761322021484375,2,7.5,0,0.5,0,0,0.3,8.3
2,3/10/2016 7:08,3/10/2016 7:18,2,1.26,-73.96426392,40.76632308959961,1,N,-73.97836304,40.75679397583008,1,8.5,0,0.5,1,0,0.3,10.3
2,3/10/2016 7:08,3/10/2016 7:16,1,0.92,-73.99369049,40.756961822509766,1,N,-74.00469971,40.75202178955078,2,7,0,0.5,0,0,0.3,7.8
2,3/10/2016 7:08,3/10/2016 7:17,2,2.2,-73.94760132,40.77922058105469,1,N,-73.93890381,40.80474090576172,1,9,0,0.5,1.96,0,0.3,11.76
2,3/10/2016 7:08,3/10/2016 7:19,1,2.09,-73.97241974,40.78628158569336,1,N,-73.98207855,40.76257324,1,9.5,0,0.5,2.7,0,0.3,13
2,3/10/2016 7:08,3/10/2016 7:19,2,2.16,-73.98406982,40.737640380859375,1,N,-73.98448944,40.76081848144531,1,10,0,0.5,3.24,0,0.3,14.04
2,3/10/2016 7:08,3/10/2016 7:23,4,2.56,-73.95392609,40.76647567749024,1,N,-73.9818573,40.75647735595703,1,12,0,0.5,2.56,0,0.3,15.36
2,3/10/2016 7:08,3/10/2016 7:30,1,6.03,-73.98793793,40.77535629272461,1,N,-74.00835419,40.70466232299805,1,20.5,0,0.5,5.32,0,0.3,26.62
2,3/10/2016 7:08,3/10/2016 7:24,1,8.35,-73.95085144,40.77481460571289,1,N,-74.01457977,40.71388626098633,1,24.5,0,0.5,5.06,0,0.3,30.36
2,3/10/2016 7:08,3/10/2016 7:55,1,17.17,-73.98822021,40.731311798095696,2,N,-73.7826004,40.64366531,1,52,0,0.5,11.67,5.54,0.3,70.01
2,3/10/2016 7:08,3/10/2016 7:27,1,3.65,-73.98937225,40.76133728027344,1,N,-74.0100174,40.720970153808594,1,15,0,0.5,2,0,0.3,17.8
2,3/10/2016 7:08,3/10/2016 7:17,1,2.17,-73.99649048,40.740535736083984,1,N,-73.97483826,40.75848007202149,1,9,0,0.5,2.45,0,0.3,12.25
2,3/10/2016 7:08,3/10/2016 7:16,1,0.99,-73.97329712,40.75495910644531,1,N,-73.98152161,40.752071380615234,1,6.5,0,0.5,2.7,0,0.3,10
2,3/10/2016 7:08,3/10/2016 8:40,6,19.57,-73.78955841,40.64693069458008,2,N,-73.98108673,40.779579162597656,2,52,0,0.5,0,0,0.3,52.8
2,3/10/2016 7:08,3/10/2016 7:22,1,3.06,-73.95252228,40.78234863,1,N,-73.98316193,40.76311874389648,1,12,0,0.5,3.2,0,0.3,16
2,3/10/2016 7:08,3/10/2016 7:17,1,2.43,-73.94428253,40.77600860595703,1,N,-73.97167206,40.75403976,1,9.5,0,0.5,2.06,0,0.3,12.36
2,3/10/2016 7:08,3/10/2016 7:17,1,2.36,-73.99983215,40.73327255249024,1,N,-73.9786911,40.76148223876953,1,9,0,0.5,1.96,0,0.3,11.76
2,3/10/2016 7:08,3/10/2016 7:23,1,2.54,-74.00286865,40.760379791259766,1,N,-73.96692657,40.75806427001953,1,12,0,0.5,0,0,0.3,12.8
2,3/10/2016 7:08,3/10/2016 7:35,1,9.7,-73.93929291,40.84185028076172,1,N,-73.98771667,40.73548889160156,1,29,0,0.5,5.96,0,0.3,35.76
2,3/10/2016 7:08,3/10/2016 7:16,1,1.02,-74.00032806,40.76152038574219,1,N,-73.9852066,40.76054000854492,1,6,0,0.5,1,0,0.3,7.8
2,3/10/2016 7:08,3/10/2016 7:09,6,0.02,0,0,1,N,-73.9723587,40.79412078857422,2,2.5,0,0.5,0,0,0.3,3.3
2,3/10/2016 7:08,3/10/2016 7:31,2,4.81,-73.98291016,40.77742004394531,1,N,-73.95761108,40.74509811401367,2,19.5,0,0.5,0,0,0.3,20.3
2,3/10/2016 7:08,3/10/2016 8:08,2,17.47,-73.78060913,40.64527893066406,2,N,-73.99120331,40.74325180053711,1,52,0,0.5,14.58,5.54,0.3,72.92
2,3/10/2016 7:08,3/10/2016 7:14,1,1.47,-73.9779129,40.77860641479492,1,N,-73.98479462,40.760520935058594,1,6.5,0,0.5,1.46,0,0.3,8.76
2,3/10/2016 7:08,3/10/2016 7:15,2,1.61,-74.00627899,40.73392105102539,1,N,-74.01365662,40.714839935302734,1,7.5,0,0.5,1,0,0.3,9.3
2,3/10/2016 7:08,3/10/2016 7:21,6,3.03,-73.99291229,40.74277114868164,1,N,-73.96237183,40.77312850952149,1,11.5,0,0.5,2.46,0,0.3,14.76
2,3/10/2016 7:09,3/10/2016 7:14,6,0.8,-73.95149994,40.77384185791016,1,N,-73.95025635,40.78382873535156,2,5.5,0,0.5,0,0,0.3,6.3
2,3/10/2016 7:09,3/10/2016 7:38,3,5.56,-73.97554016,40.72880172729492,1,N,-73.92635345,40.684200286865234,1,23,0,0.5,3,0,0.3,26.8
2,3/10/2016 7:09,3/10/2016 7:27,1,3.57,-73.95786285,40.769622802734375,1,N,-73.99799347,40.745166778564446,2,15.5,0,0.5,0,0,0.3,16.3
2,3/10/2016 7:09,3/10/2016 7:22,2,2.45,-73.95371246,40.77964019775391,1,N,-73.98223114,40.76253891,1,11.5,0,0.5,2.46,0,0.3,14.76
2,3/10/2016 7:09,3/10/2016 7:33,3,3.85,-74.00286102,40.76045989990234,1,N,-73.95481873,40.765449523925774,1,18,0,0.5,3.76,0,0.3,22.56
2,3/10/2016 7:09,3/10/2016 7:18,1,2.13,-73.97580719,40.740482330322266,1,N,-73.9546814,40.76504135131836,1,9.5,0,0.5,1,0,0.3,11.3
2,3/10/2016 7:09,3/10/2016 7:32,3,8.91,-73.96263123,40.766460418701165,1,N,-73.87102509,40.77405548095703,1,28,0,0.5,6.87,5.54,0.3,41.21
2,3/10/2016 7:09,3/10/2016 7:17,1,1.65,-73.97813416,40.745643615722656,1,N,-73.97612,40.76408004760742,1,8,0,0.5,1.76,0,0.3,10.56
2,3/10/2016 7:09,3/10/2016 7:43,2,7.82,-73.99963379,40.67930603027344,1,N,-73.9721756,40.75591659545898,1,27.5,0,0.5,5.66,0,0.3,33.96
2,3/10/2016 7:09,3/10/2016 7:15,2,1.04,-73.98634338,40.74663925170898,1,N,-73.97942352,40.75968170166016,2,6,0,0.5,0,0,0.3,6.8
2,3/10/2016 7:09,3/10/2016 7:29,1,9.66,-73.81561279,40.71815109,1,N,-73.71605682,40.68153,1,27,0,0.5,5.56,0,0.3,33.36
2,3/10/2016 7:09,3/10/2016 7:15,1,1.69,-73.98512268,40.744998931884766,1,N,-73.98058319,40.76399993896485,1,7,0,0.5,1.56,0,0.3,9.36
2,3/10/2016 7:09,3/10/2016 7:15,5,0.65,-73.97123718,40.763717651367195,1,N,-73.96211243,40.76364517211913,1,6,0,0.5,1.36,0,0.3,8.16
2,3/10/2016 7:09,3/10/2016 7:34,5,4.75,-73.94602203,40.78274917602539,1,N,-73.99108887,40.750450134277344,1,19.5,0,0.5,5.08,0,0.3,25.38
2,3/10/2016 7:09,3/10/2016 7:18,2,1.84,-73.98986816,40.7374382,1,N,-73.97267151,40.758338928222656,1,9,0,0.5,1.96,0,0.3,11.76
2,3/10/2016 7:09,3/10/2016 7:23,1,2.87,-73.98300171,40.73086166381836,1,N,-73.95646667,40.76477051,1,12,0,0.5,1.7,0,0.3,14.5
2,3/10/2016 7:09,3/10/2016 7:15,1,1.84,-74.01456451,40.71800613,1,N,-74.0075531,40.70521164,1,8,0,0.5,1.76,0,0.3,10.56
2,3/10/2016 7:09,3/10/2016 7:19,1,2.34,-73.95279694,40.77196121,1,N,-73.93647003,40.804058074951165,1,10.5,0,0.5,2.26,0,0.3,13.56
2,3/10/2016 7:09,3/10/2016 7:23,1,2.14,-73.97738647,40.77944946289063,1,N,-73.95728302,40.76659012,1,11,0,0.5,1.2,0,0.3,13
2,3/10/2016 7:09,3/10/2016 8:00,5,22,-73.98843384,40.76903533935546,2,N,-73.78794861,40.64458847045898,1,52,0,0.5,10.8,5.54,0.3,69.14
2,3/10/2016 7:09,3/10/2016 7:33,5,4.69,-73.97518158,40.79256057739258,1,N,-73.99320221,40.736640930175774,2,19.5,0,0.5,0,0,0.3,20.3
2,3/10/2016 7:09,3/10/2016 7:13,1,1.06,-73.99446106,40.74065780639648,1,N,-74.0017395,40.749336242675774,1,5.5,0,0.5,1,0,0.3,7.3
2,3/10/2016 7:09,3/10/2016 7:37,2,13.27,-73.99520874,40.72806167602539,3,N,-74.17713928,40.691230773925774,1,57,0,0,13.96,12.5,0.3,83.76
2,3/10/2016 7:09,3/10/2016 7:15,1,1.18,-73.97557068,40.751998901367195,1,N,-73.99144745,40.74993133544922,1,6,0,0.5,1.36,0,0.3,8.16
2,3/10/2016 7:09,3/10/2016 7:16,1,1.97,-73.97086334,40.78350830078125,1,N,-73.98445129,40.75976943969727,2,8,0,0.5,0,0,0.3,8.8
2,3/10/2016 7:09,3/10/2016 7:22,1,2.13,-73.94944763,40.77783584594727,1,N,-73.9737854,40.763404846191406,1,11,0,0.5,2.36,0,0.3,14.16
2,3/10/2016 7:09,3/10/2016 7:15,1,2.15,-73.98300934,40.781734466552734,1,N,-73.96188354,40.80558395385742,1,8,0,0.5,1.76,0,0.3,10.56
2,3/10/2016 7:09,3/10/2016 7:19,1,1.81,-73.94940948,40.773529052734375,1,N,-73.96933746,40.76039123535156,1,9.5,0,0.5,2.06,0,0.3,12.36
2,3/10/2016 7:09,3/10/2016 7:13,2,0.81,-73.98170471,40.74937438964844,1,N,-73.97470856,40.758243560791016,1,5,0,0.5,1.16,0,0.3,6.96
2,3/10/2016 7:09,3/10/2016 7:20,1,2.55,-73.99865723,40.73461151123047,1,N,-73.97527313,40.764278411865234,1,10.5,0,0.5,2.26,0,0.3,13.56
2,3/10/2016 7:09,3/10/2016 7:18,1,1.3,-73.97399139,40.75041198730469,1,N,-73.97415161,40.76007461547852,1,8,0,0.5,1.76,0,0.3,10.56
2,3/10/2016 7:09,3/10/2016 7:20,1,1.97,-73.9535675,40.775299072265625,1,N,-73.97412109,40.75716018676758,1,10,0,0.5,0,0,0.3,10.8
2,3/10/2016 7:09,3/10/2016 7:16,1,1.4,-73.99459076,40.75033188,1,N,-73.97653961,40.75524139404297,2,7,0,0.5,0,0,0.3,7.8
2,3/10/2016 7:09,3/10/2016 7:12,1,0.92,-73.9702301,40.784271240234375,1,N,-73.96279907,40.77600860595703,2,5,0,0.5,0,0,0.3,5.8
2,3/10/2016 7:09,3/10/2016 7:18,1,3.1,-73.86857605,40.77286911010742,1,N,-73.8935318,40.75853348,1,10.5,0,0.5,2.26,0,0.3,13.56
2,3/10/2016 7:09,3/10/2016 7:14,6,1.25,-73.97554016,40.75123215,1,N,-73.97400665,40.73843002319336,1,6.5,0,0.5,0,0,0.3,7.3
2,3/10/2016 7:09,3/10/2016 7:17,6,1.2,-73.96730804,40.76357650756836,1,N,-73.98150635,40.767475128173835,1,7,0,0.5,1,0,0.3,8.8
2,3/10/2016 7:09,3/10/2016 7:36,1,18.67,-73.94474792,40.783084869384766,2,N,-73.7763443,40.64556884765625,1,52,0,0.5,8,5.54,0.3,66.34
2,3/10/2016 7:09,3/10/2016 7:40,1,18.05,0,0,3,N,0,0,1,66,0,0,16.36,15.5,0.3,98.16
2,3/10/2016 7:09,3/10/2016 7:26,1,8.74,-73.95079803,40.772506713867195,1,N,-73.86172485,40.76830291748047,1,25,0,0.5,9.4,5.54,0.3,40.74
2,3/10/2016 7:09,3/10/2016 7:13,1,0.86,-73.96130371,40.76488113,1,N,-73.96472168,40.75587082,1,5,0,0.5,1.16,0,0.3,6.96
2,3/10/2016 7:09,3/10/2016 7:45,1,12.76,-73.8638916,40.769752502441406,1,N,-73.97575378,40.76043319702149,1,39,0,0.5,11.34,5.54,0.3,56.68
2,3/10/2016 7:09,3/10/2016 7:13,1,1.27,-73.98943329,40.74729919433594,1,N,-73.9774704,40.76332092285156,1,6,0,0.5,2.04,0,0.3,8.84
2,3/10/2016 7:09,3/10/2016 7:19,2,4.63,-73.9759903,40.73342133,1,N,-74.01371002,40.71403884887695,1,15,0,0.5,3.16,0,0.3,18.96
2,3/10/2016 7:09,3/10/2016 7:24,5,3.35,-73.98091125,40.73231125,1,N,-73.96980286,40.763126373291016,1,14,0,0.5,2.96,0,0.3,17.76
2,3/10/2016 7:09,3/10/2016 7:12,1,0.83,-73.98181152,40.74966812133789,1,N,-73.98150635,40.75805664,1,4.5,0,0.5,1,0,0.3,6.3
2,3/10/2016 7:09,3/10/2016 7:25,2,2.3,-73.95366669,40.76705932617188,1,N,-73.9806366,40.753520965576165,1,12.5,0,0.5,1.5,0,0.3,14.8
2,3/10/2016 7:09,3/10/2016 7:25,4,3.52,-74.00875092,40.71916961669922,1,N,-73.97824097,40.75262069702149,1,13.5,0,0.5,3.58,0,0.3,17.88
2,3/10/2016 7:09,3/10/2016 7:24,1,2.12,-73.96148682,40.76864242553711,1,N,-73.98007202,40.78084945678711,1,11,0,0.5,1,0,0.3,12.8
2,3/10/2016 7:09,3/10/2016 7:12,3,0.71,-73.99780273,40.67488861083984,1,N,-73.99215698,40.68434143066406,1,4.5,0,0.5,1.06,0,0.3,6.36
2,3/10/2016 7:09,3/10/2016 7:18,1,2.89,-73.96189117,40.81062316894531,1,N,-73.94255066,40.841270446777344,1,11,0,0.5,2,0,0.3,13.8
2,3/10/2016 7:09,3/10/2016 7:17,5,1.73,0,0,1,N,0,0,1,8,0,0.5,1.76,0,0.3,10.56
2,3/10/2016 7:09,3/10/2016 7:15,1,1.05,-73.99092102,40.75564956665039,1,N,-73.97593689,40.75696945,1,6,0,0.5,1,0,0.3,7.8
2,3/10/2016 7:09,3/10/2016 7:20,1,2.1,-73.94988251,40.77191925048828,1,N,-73.97708893,40.76586914,1,10,0,0.5,3.24,0,0.3,14.04
2,3/10/2016 7:09,3/10/2016 7:21,2,2.22,-73.95191193,40.77381516,1,N,-73.97652435,40.764156341552734,2,10,0,0.5,0,0,0.3,10.8
2,3/10/2016 7:09,3/10/2016 7:20,1,2.81,-73.95638275,40.77846908569336,1,N,-73.98670197,40.75347137451172,1,10.5,0,0.5,2,0,0.3,13.3
2,3/10/2016 7:09,3/10/2016 7:21,6,1.51,-73.99040222,40.75587844848633,1,N,-73.97055817,40.758888244628906,1,9.5,0,0.5,1,0,0.3,11.3
2,3/10/2016 7:09,3/10/2016 7:30,1,5.32,-73.9786911,40.77754592895508,1,N,-74.01160431,40.714298248291016,1,19,0,0.5,4.95,0,0.3,24.75
2,3/10/2016 7:09,3/10/2016 7:30,2,3.68,-73.95285034,40.78644943237305,1,N,-73.99134064,40.75028991699219,2,16.5,0,0.5,0,0,0.3,17.3
2,3/10/2016 7:09,3/10/2016 7:20,1,1.37,-73.96484375,40.75577926635742,1,N,-73.98269653,40.76639175415039,1,9,0,0.5,1.96,0,0.3,11.76
,,,,,,,,,,,,,,,,,,
,,,,,,,,,,,,,,,,,,
,,,,,,,,,,,,,,,,,,
,,,,,,,,,,,,,,,,,,
,,,,,,,,,,,,,,,,,,
,,,,,,,,,,,,,,,,,,
,,,,,,,,,,,,,,,,,,
,,,,,,,,,,,,,,,,,,
,,,,,,,,,,,,,,,,,,
,,,,,,,,,,,,,,,,,,
,,,,,,,,,,,,,,,,,,
,,,,,,,,,,,,,,,,,,
,,,,,,,,,,,,,,,,,,
,,,,,,,,,,,,,,,,,,
,,,,,,,,,,,,,,,,,,
,,,,,,,,,,,,,,,,,,
,,,,,,,,,,,,,,,,,,
,,,,,,,,,,,,,,,,,,
,,,,,,,,,,,,,,,,,,
,,,,,,,,,,,,,,,,,,
,,,,,,,,,,,,,,,,,,
,,,,,,,,,,,,,,,,,,
,,,,,,,,,,,,,,,,,,
,,,,,,,,,,,,,,,,,,
,,,,,,,,,,,,,,,,,,
,,,,,,,,,,,,,,,,,,
,,,,,,,,,,,,,,,,,,
,,,,,,,,,,,,,,,,,,
,,,,,,,,,,,,,,,,,,
,,,,,,,,,,,,,,,,,,
,,,,,,,,,,,,,,,,,,
,,,,,,,,,,,,,,,,,,
,,,,,,,,,,,,,,,,,,
,,,,,,,,,,,,,,,,,,
,,,,,,,,,,,,,,,,,,
,,,,,,,,,,,,,,,,,,
,,,,,,,,,,,,,,,,,,
,,,,,,,,,,,,,,,,,,
,,,,,,,,,,,,,,,,,,
,,,,,,,,,,,,,,,,,,
,,,,,,,,,,,,,,,,,,
,,,,,,,,,,,,,,,,,,
,,,,,,,,,,,,,,,,,,
,,,,,,,,,,,,,,,,,,
,,,,,,,,,,,,,,,,,,
,,,,,,,,,,,,,,,,,,
,,,,,,,,,,,,,,,,,,
,,,,,,,,,,,,,,,,,,
,,,,,,,,,,,,,,,,,,
,,,,,,,,,,,,,,,,,,
,,,,,,,,,,,,,,,,,,
,,,,,,,,,,,,,,,,,,
,,,,,,,,,,,,,,,,,,
,,,,,,,,,,,,,,,,,,
,,,,,,,,,,,,,,,,,,
,,,,,,,,,,,,,,,,,,
,,,,,,,,,,,,,,,,,,
,,,,,,,,,,,,,,,,,,
,,,,,,,,,,,,,,,,,,
,,,,,,,,,,,,,,,,,,
,,,,,,,,,,,,,,,,,,
,,,,,,,,,,,,,,,,,,
,,,,,,,,,,,,,,,,,,
,,,,,,,,,,,,,,,,,,
,,,,,,,,,,,,,,,,,,
,,,,,,,,,,,,,,,,,,
,,,,,,,,,,,,,,,,,,
,,,,,,,,,,,,,,,,,,
,,,,,,,,,,,,,,,,,,
,,,,,,,,,,,,,,,,,,
,,,,,,,,,,,,,,,,,,
,,,,,,,,,,,,,,,,,,
,,,,,,,,,,,,,,,,,,
,,,,,,,,,,,,,,,,,,
,,,,,,,,,,,,,,,,,,
,,,,,,,,,,,,,,,,,,
,,,,,,,,,,,,,,,,,,
,,,,,,,,,,,,,,,,,,
,,,,,,,,,,,,,,,,,,
,,,,,,,,,,,,,,,,,,
,,,,,,,,,,,,,,,,,,
,,,,,,,,,,,,,,,,,,
,,,,,,,,,,,,,,,,,,
,,,,,,,,,,,,,,,,,,
,,,,,,,,,,,,,,,,,,
,,,,,,,,,,,,,,,,,,
,,,,,,,,,,,,,,,,,,
,,,,,,,,,,,,,,,,,,
,,,,,,,,,,,,,,,,,,
,,,,,,,,,,,,,,,,,,
,,,,,,,,,,,,,,,,,,
,,,,,,,,,,,,,,,,,,
,,,,,,,,,,,,,,,,,,
,,,,,,,,,,,,,,,,,,
,,,,,,,,,,,,,,,,,,
,,,,,,,,,,,,,,,,,,
,,,,,,,,,,,,,,,,,,
,,,,,,,,,,,,,,,,,,
,,,,,,,,,,,,,,,,,,
,,,,,,,,,,,,,,,,,,
,,,,,,,,,,,,,,,,,,
,,,,,,,,,,,,,,,,,,
,,,,,,,,,,,,,,,,,,
,,,,,,,,,,,,,,,,,,
,,,,,,,,,,,,,,,,,,
,,,,,,,,,,,,,,,,,,
,,,,,,,,,,,,,,,,,,
,,,,,,,,,,,,,,,,,,
,,,,,,,,,,,,,,,,,,
,,,,,,,,,,,,,,,,,,
,,,,,,,,,,,,,,,,,,
,,,,,,,,,,,,,,,,,,
,,,,,,,,,,,,,,,,,,
,,,,,,,,,,,,,,,,,,
,,,,,,,,,,,,,,,,,,
,,,,,,,,,,,,,,,,,,
,,,,,,,,,,,,,,,,,,
,,,,,,,,,,,,,,,,,,
,,,,,,,,,,,,,,,,,,
,,,,,,,,,,,,,,,,,,
,,,,,,,,,,,,,,,,,,
,,,,,,,,,,,,,,,,,,
,,,,,,,,,,,,,,,,,,
,,,,,,,,,,,,,,,,,,
,,,,,,,,,,,,,,,,,,
,,,,,,,,,,,,,,,,,,
,,,,,,,,,,,,,,,,,,
,,,,,,,,,,,,,,,,,,
,,,,,,,,,,,,,,,,,,
,,,,,,,,,,,,,,,,,,
,,,,,,,,,,,,,,,,,,
,,,,,,,,,,,,,,,,,,
,,,,,,,,,,,,,,,,,,
,,,,,,,,,,,,,,,,,,
,,,,,,,,,,,,,,,,,,
,,,,,,,,,,,,,,,,,,
,,,,,,,,,,,,,,,,,,
,,,,,,,,,,,,,,,,,,
,,,,,,,,,,,,,,,,,,
,,,,,,,,,,,,,,,,,,
,,,,,,,,,,,,,,,,,,
,,,,,,,,,,,,,,,,,,
,,,,,,,,,,,,,,,,,,
,,,,,,,,,,,,,,,,,,
,,,,,,,,,,,,,,,,,,
,,,,,,,,,,,,,,,,,,
,,,,,,,,,,,,,,,,,,
,,,,,,,,,,,,,,,,,,
,,,,,,,,,,,,,,,,,,
,,,,,,,,,,,,,,,,,,
,,,,,,,,,,,,,,,,,,
,,,,,,,,,,,,,,,,,,
,,,,,,,,,,,,,,,,,,
,,,,,,,,,,,,,,,,,,
,,,,,,,,,,,,,,,,,,
,,,,,,,,,,,,,,,,,,
,,,,,,,,,,,,,,,,,,
,,,,,,,,,,,,,,,,,,
,,,,,,,,,,,,,,,,,,
,,,,,,,,,,,,,,,,,,
,,,,,,,,,,,,,,,,,,
,,,,,,,,,,,,,,,,,,
,,,,,,,,,,,,,,,,,,
,,,,,,,,,,,,,,,,,,
,,,,,,,,,,,,,,,,,,
,,,,,,,,,,,,,,,,,,
,,,,,,,,,,,,,,,,,,
,,,,,,,,,,,,,,,,,,
,,,,,,,,,,,,,,,,,,
,,,,,,,,,,,,,,,,,,
,,,,,,,,,,,,,,,,,,
,,,,,,,,,,,,,,,,,,
,,,,,,,,,,,,,,,,,,
,,,,,,,,,,,,,,,,,,
,,,,,,,,,,,,,,,,,,
,,,,,,,,,,,,,,,,,,
,,,,,,,,,,,,,,,,,,
,,,,,,,,,,,,,,,,,,
,,,,,,,,,,,,,,,,,,
,,,,,,,,,,,,,,,,,,
,,,,,,,,,,,,,,,,,,
,,,,,,,,,,,,,,,,,,
,,,,,,,,,,,,,,,,,,
,,,,,,,,,,,,,,,,,,
,,,,,,,,,,,,,,,,,,
,,,,,,,,,,,,,,,,,,
,,,,,,,,,,,,,,,,,,
,,,,,,,,,,,,,,,,,,
,,,,,,,,,,,,,,,,,,
,,,,,,,,,,,,,,,,,,
,,,,,,,,,,,,,,,,,,
,,,,,,,,,,,,,,,,,,
,,,,,,,,,,,,,,,,,,
,,,,,,,,,,,,,,,,,,
,,,,,,,,,,,,,,,,,,
,,,,,,,,,,,,,,,,,,
,,,,,,,,,,,,,,,,,,
,,,,,,,,,,,,,,,,,,
,,,,,,,,,,,,,,,,,,
,,,,,,,,,,,,,,,,,,
,,,,,,,,,,,,,,,,,,
,,,,,,,,,,,,,,,,,,
,,,,,,,,,,,,,,,,,,
,,,,,,,,,,,,,,,,,,
,,,,,,,,,,,,,,,,,,
,,,,,,,,,,,,,,,,,,
,,,,,,,,,,,,,,,,,,
,,,,,,,,,,,,,,,,,,
,,,,,,,,,,,,,,,,,,
,,,,,,,,,,,,,,,,,,
,,,,,,,,,,,,,,,,,,
,,,,,,,,,,,,,,,,,,
,,,,,,,,,,,,,,,,,,
,,,,,,,,,,,,,,,,,,
,,,,,,,,,,,,,,,,,,
,,,,,,,,,,,,,,,,,,
,,,,,,,,,,,,,,,,,,
,,,,,,,,,,,,,,,,,,
,,,,,,,,,,,,,,,,,,
,,,,,,,,,,,,,,,,,,
,,,,,,,,,,,,,,,,,,
,,,,,,,,,,,,,,,,,,
,,,,,,,,,,,,,,,,,,
,,,,,,,,,,,,,,,,,,
,,,,,,,,,,,,,,,,,,
,,,,,,,,,,,,,,,,,,
,,,,,,,,,,,,,,,,,,
,,,,,,,,,,,,,,,,,,
,,,,,,,,,,,,,,,,,,
,,,,,,,,,,,,,,,,,,
,,,,,,,,,,,,,,,,,,
,,,,,,,,,,,,,,,,,,
,,,,,,,,,,,,,,,,,,
,,,,,,,,,,,,,,,,,,
,,,,,,,,,,,,,,,,,,
,,,,,,,,,,,,,,,,,,
,,,,,,,,,,,,,,,,,,
,,,,,,,,,,,,,,,,,,
,,,,,,,,,,,,,,,,,,
,,,,,,,,,,,,,,,,,,
,,,,,,,,,,,,,,,,,,
,,,,,,,,,,,,,,,,,,
,,,,,,,,,,,,,,,,,,
,,,,,,,,,,,,,,,,,,
,,,,,,,,,,,,,,,,,,
,,,,,,,,,,,,,,,,,,
,,,,,,,,,,,,,,,,,,
,,,,,,,,,,,,,,,,,,
,,,,,,,,,,,,,,,,,,
,,,,,,,,,,,,,,,,,,
,,,,,,,,,,,,,,,,,,
,,,,,,,,,,,,,,,,,,
,,,,,,,,,,,,,,,,,,
,,,,,,,,,,,,,,,,,,
,,,,,,,,,,,,,,,,,,
,,,,,,,,,,,,,,,,,,
,,,,,,,,,,,,,,,,,,
,,,,,,,,,,,,,,,,,,
,,,,,,,,,,,,,,,,,,
,,,,,,,,,,,,,,,,,,
,,,,,,,,,,,,,,,,,,
,,,,,,,,,,,,,,,,,,
,,,,,,,,,,,,,,,,,,
,,,,,,,,,,,,,,,,,,
,,,,,,,,,,,,,,,,,,
,,,,,,,,,,,,,,,,,,
,,,,,,,,,,,,,,,,,,
,,,,,,,,,,,,,,,,,,
,,,,,,,,,,,,,,,,,,
,,,,,,,,,,,,,,,,,,
,,,,,,,,,,,,,,,,,,
,,,,,,,,,,,,,,,,,,
,,,,,,,,,,,,,,,,,,
,,,,,,,,,,,,,,,,,,
,,,,,,,,,,,,,,,,,,
,,,,,,,,,,,,,,,,,,
,,,,,,,,,,,,,,,,,,
,,,,,,,,,,,,,,,,,,
,,,,,,,,,,,,,,,,,,
,,,,,,,,,,,,,,,,,,
,,,,,,,,,,,,,,,,,,
,,,,,,,,,,,,,,,,,,
,,,,,,,,,,,,,,,,,,
,,,,,,,,,,,,,,,,,,
,,,,,,,,,,,,,,,,,,
,,,,,,,,,,,,,,,,,,
,,,,,,,,,,,,,,,,,,
,,,,,,,,,,,,,,,,,,
,,,,,,,,,,,,,,,,,,
,,,,,,,,,,,,,,,,,,
,,,,,,,,,,,,,,,,,,
,,,,,,,,,,,,,,,,,,
,,,,,,,,,,,,,,,,,,
,,,,,,,,,,,,,,,,,,
,,,,,,,,,,,,,,,,,,
,,,,,,,,,,,,,,,,,,
,,,,,,,,,,,,,,,,,,
,,,,,,,,,,,,,,,,,,
,,,,,,,,,,,,,,,,,,
,,,,,,,,,,,,,,,,,,
,,,,,,,,,,,,,,,,,,
,,,,,,,,,,,,,,,,,,
,,,,,,,,,,,,,,,,,,
,,,,,,,,,,,,,,,,,,
,,,,,,,,,,,,,,,,,,
,,,,,,,,,,,,,,,,,,
,,,,,,,,,,,,,,,,,,
,,,,,,,,,,,,,,,,,,
,,,,,,,,,,,,,,,,,,
,,,,,,,,,,,,,,,,,,
,,,,,,,,,,,,,,,,,,
,,,,,,,,,,,,,,,,,,
,,,,,,,,,,,,,,,,,,
,,,,,,,,,,,,,,,,,,
,,,,,,,,,,,,,,,,,,
,,,,,,,,,,,,,,,,,,
,,,,,,,,,,,,,,,,,,
,,,,,,,,,,,,,,,,,,
,,,,,,,,,,,,,,,,,,
,,,,,,,,,,,,,,,,,,
,,,,,,,,,,,,,,,,,,
,,,,,,,,,,,,,,,,,,
,,,,,,,,,,,,,,,,,,
,,,,,,,,,,,,,,,,,,
,,,,,,,,,,,,,,,,,,
,,,,,,,,,,,,,,,,,,
,,,,,,,,,,,,,,,,,,
,,,,,,,,,,,,,,,,,,
,,,,,,,,,,,,,,,,,,
,,,,,,,,,,,,,,,,,,
,,,,,,,,,,,,,,,,,,
,,,,,,,,,,,,,,,,,,
,,,,,,,,,,,,,,,,,,
,,,,,,,,,,,,,,,,,,
,,,,,,,,,,,,,,,,,,
,,,,,,,,,,,,,,,,,,
,,,,,,,,,,,,,,,,,,
,,,,,,,,,,,,,,,,,,
,,,,,,,,,,,,,,,,,,
,,,,,,,,,,,,,,,,,,
,,,,,,,,,,,,,,,,,,
,,,,,,,,,,,,,,,,,,
,,,,,,,,,,,,,,,,,,
,,,,,,,,,,,,,,,,,,
,,,,,,,,,,,,,,,,,,
,,,,,,,,,,,,,,,,,,
,,,,,,,,,,,,,,,,,,
,,,,,,,,,,,,,,,,,,
,,,,,,,,,,,,,,,,,,
,,,,,,,,,,,,,,,,,,
,,,,,,,,,,,,,,,,,,
,,,,,,,,,,,,,,,,,,
,,,,,,,,,,,,,,,,,,
,,,,,,,,,,,,,,,,,,
,,,,,,,,,,,,,,,,,,
,,,,,,,,,,,,,,,,,,
,,,,,,,,,,,,,,,,,,
,,,,,,,,,,,,,,,,,,
,,,,,,,,,,,,,,,,,,
,,,,,,,,,,,,,,,,,,
,,,,,,,,,,,,,,,,,,
,,,,,,,,,,,,,,,,,,
,,,,,,,,,,,,,,,,,,
,,,,,,,,,,,,,,,,,,
,,,,,,,,,,,,,,,,,,
,,,,,,,,,,,,,,,,,,
,,,,,,,,,,,,,,,,,,
,,,,,,,,,,,,,,,,,,
,,,,,,,,,,,,,,,,,,
,,,,,,,,,,,,,,,,,,
,,,,,,,,,,,,,,,,,,
,,,,,,,,,,,,,,,,,,
,,,,,,,,,,,,,,,,,,
,,,,,,,,,,,,,,,,,,
,,,,,,,,,,,,,,,,,,
,,,,,,,,,,,,,,,,,,
,,,,,,,,,,,,,,,,,,
,,,,,,,,,,,,,,,,,,
,,,,,,,,,,,,,,,,,,
,,,,,,,,,,,,,,,,,,
,,,,,,,,,,,,,,,,,,
,,,,,,,,,,,,,,,,,,
,,,,,,,,,,,,,,,,,,
,,,,,,,,,,,,,,,,,,
,,,,,,,,,,,,,,,,,,
,,,,,,,,,,,,,,,,,,
,,,,,,,,,,,,,,,,,,
,,,,,,,,,,,,,,,,,,
,,,,,,,,,,,,,,,,,,
,,,,,,,,,,,,,,,,,,
,,,,,,,,,,,,,,,,,,
,,,,,,,,,,,,,,,,,,
,,,,,,,,,,,,,,,,,,
,,,,,,,,,,,,,,,,,,
,,,,,,,,,,,,,,,,,,
,,,,,,,,,,,,,,,,,,
,,,,,,,,,,,,,,,,,,
,,,,,,,,,,,,,,,,,,
,,,,,,,,,,,,,,,,,,
,,,,,,,,,,,,,,,,,,
,,,,,,,,,,,,,,,,,,
,,,,,,,,,,,,,,,,,,
,,,,,,,,,,,,,,,,,,
,,,,,,,,,,,,,,,,,,
,,,,,,,,,,,,,,,,,,
,,,,,,,,,,,,,,,,,,
,,,,,,,,,,,,,,,,,,
,,,,,,,,,,,,,,,,,,
,,,,,,,,,,,,,,,,,,
,,,,,,,,,,,,,,,,,,
,,,,,,,,,,,,,,,,,,
,,,,,,,,,,,,,,,,,,
,,,,,,,,,,,,,,,,,,
,,,,,,,,,,,,,,,,,,
,,,,,,,,,,,,,,,,,,
,,,,,,,,,,,,,,,,,,
,,,,,,,,,,,,,,,,,,
,,,,,,,,,,,,,,,,,,
,,,,,,,,,,,,,,,,,,
,,,,,,,,,,,,,,,,,,
,,,,,,,,,,,,,,,,,,
,,,,,,,,,,,,,,,,,,
,,,,,,,,,,,,,,,,,,
,,,,,,,,,,,,,,,,,,
,,,,,,,,,,,,,,,,,,
,,,,,,,,,,,,,,,,,,
,,,,,,,,,,,,,,,,,,
,,,,,,,,,,,,,,,,,,
,,,,,,,,,,,,,,,,,,
,,,,,,,,,,,,,,,,,,
,,,,,,,,,,,,,,,,,,
,,,,,,,,,,,,,,,,,,
,,,,,,,,,,,,,,,,,,
,,,,,,,,,,,,,,,,,,
,,,,,,,,,,,,,,,,,,
,,,,,,,,,,,,,,,,,,
,,,,,,,,,,,,,,,,,,
,,,,,,,,,,,,,,,,,,
,,,,,,,,,,,,,,,,,,
,,,,,,,,,,,,,,,,,,
,,,,,,,,,,,,,,,,,,
,,,,,,,,,,,,,,,,,,
,,,,,,,,,,,,,,,,,,
,,,,,,,,,,,,,,,,,,
,,,,,,,,,,,,,,,,,,
,,,,,,,,,,,,,,,,,,
,,,,,,,,,,,,,,,,,,
,,,,,,,,,,,,,,,,,,
,,,,,,,,,,,,,,,,,,
,,,,,,,,,,,,,,,,,,
,,,,,,,,,,,,,,,,,,
,,,,,,,,,,,,,,,,,,
,,,,,,,,,,,,,,,,,,
,,,,,,,,,,,,,,,,,,
,,,,,,,,,,,,,,,,,,
,,,,,,,,,,,,,,,,,,
,,,,,,,,,,,,,,,,,,
,,,,,,,,,,,,,,,,,,
,,,,,,,,,,,,,,,,,,
,,,,,,,,,,,,,,,,,,
,,,,,,,,,,,,,,,,,,
,,,,,,,,,,,,,,,,,,
,,,,,,,,,,,,,,,,,,
,,,,,,,,,,,,,,,,,,
,,,,,,,,,,,,,,,,,,
,,,,,,,,,,,,,,,,,,
,,,,,,,,,,,,,,,,,,
,,,,,,,,,,,,,,,,,,
,,,,,,,,,,,,,,,,,,
,,,,,,,,,,,,,,,,,,
,,,,,,,,,,,,,,,,,,
,,,,,,,,,,,,,,,,,,
,,,,,,,,,,,,,,,,,,
,,,,,,,,,,,,,,,,,,
,,,,,,,,,,,,,,,,,,
,,,,,,,,,,,,,,,,,,
,,,,,,,,,,,,,,,,,,
,,,,,,,,,,,,,,,,,,
,,,,,,,,,,,,,,,,,,
,,,,,,,,,,,,,,,,,,
,,,,,,,,,,,,,,,,,,
,,,,,,,,,,,,,,,,,,
,,,,,,,,,,,,,,,,,,
,,,,,,,,,,,,,,,,,,
,,,,,,,,,,,,,,,,,,
,,,,,,,,,,,,,,,,,,
,,,,,,,,,,,,,,,,,,
,,,,,,,,,,,,,,,,,,
,,,,,,,,,,,,,,,,,,
,,,,,,,,,,,,,,,,,,
,,,,,,,,,,,,,,,,,,
,,,,,,,,,,,,,,,,,,
,,,,,,,,,,,,,,,,,,
,,,,,,,,,,,,,,,,,,
,,,,,,,,,,,,,,,,,,
,,,,,,,,,,,,,,,,,,
,,,,,,,,,,,,,,,,,,
,,,,,,,,,,,,,,,,,,
,,,,,,,,,,,,,,,,,,
,,,,,,,,,,,,,,,,,,
,,,,,,,,,,,,,,,,,,
,,,,,,,,,,,,,,,,,,
,,,,,,,,,,,,,,,,,,
,,,,,,,,,,,,,,,,,,
,,,,,,,,,,,,,,,,,,
,,,,,,,,,,,,,,,,,,
,,,,,,,,,,,,,,,,,,
,,,,,,,,,,,,,,,,,,
,,,,,,,,,,,,,,,,,,
,,,,,,,,,,,,,,,,,,
,,,,,,,,,,,,,,,,,,
,,,,,,,,,,,,,,,,,,
,,,,,,,,,,,,,,,,,,
,,,,,,,,,,,,,,,,,,
,,,,,,,,,,,,,,,,,,
,,,,,,,,,,,,,,,,,,
,,,,,,,,,,,,,,,,,,
,,,,,,,,,,,,,,,,,,
,,,,,,,,,,,,,,,,,,
,,,,,,,,,,,,,,,,,,
,,,,,,,,,,,,,,,,,,
,,,,,,,,,,,,,,,,,,
,,,,,,,,,,,,,,,,,,
,,,,,,,,,,,,,,,,,,
,,,,,,,,,,,,,,,,,,
,,,,,,,,,,,,,,,,,,
,,,,,,,,,,,,,,,,,,
,,,,,,,,,,,,,,,,,,
,,,,,,,,,,,,,,,,,,
,,,,,,,,,,,,,,,,,,
,,,,,,,,,,,,,,,,,,
,,,,,,,,,,,,,,,,,,
,,,,,,,,,,,,,,,,,,
,,,,,,,,,,,,,,,,,,
,,,,,,,,,,,,,,,,,,
,,,,,,,,,,,,,,,,,,
,,,,,,,,,,,,,,,,,,
,,,,,,,,,,,,,,,,,,
,,,,,,,,,,,,,,,,,,
,,,,,,,,,,,,,,,,,,
,,,,,,,,,,,,,,,,,,
,,,,,,,,,,,,,,,,,,
,,,,,,,,,,,,,,,,,,
,,,,,,,,,,,,,,,,,,
,,,,,,,,,,,,,,,,,,
,,,,,,,,,,,,,,,,,,
,,,,,,,,,,,,,,,,,,
,,,,,,,,,,,,,,,,,,
,,,,,,,,,,,,,,,,,,
,,,,,,,,,,,,,,,,,,
,,,,,,,,,,,,,,,,,,
,,,,,,,,,,,,,,,,,,
,,,,,,,,,,,,,,,,,,
,,,,,,,,,,,,,,,,,,
,,,,,,,,,,,,,,,,,,
,,,,,,,,,,,,,,,,,,
,,,,,,,,,,,,,,,,,,
,,,,,,,,,,,,,,,,,,
,,,,,,,,,,,,,,,,,,
,,,,,,,,,,,,,,,,,,
,,,,,,,,,,,,,,,,,,
,,,,,,,,,,,,,,,,,,
,,,,,,,,,,,,,,,,,,
,,,,,,,,,,,,,,,,,,
,,,,,,,,,,,,,,,,,,
,,,,,,,,,,,,,,,,,,
,,,,,,,,,,,,,,,,,,
,,,,,,,,,,,,,,,,,,
,,,,,,,,,,,,,,,,,,
,,,,,,,,,,,,,,,,,,
,,,,,,,,,,,,,,,,,,
,,,,,,,,,,,,,,,,,,
,,,,,,,,,,,,,,,,,,
,,,,,,,,,,,,,,,,,,
,,,,,,,,,,,,,,,,,,
,,,,,,,,,,,,,,,,,,
,,,,,,,,,,,,,,,,,,
,,,,,,,,,,,,,,,,,,
,,,,,,,,,,,,,,,,,,
,,,,,,,,,,,,,,,,,,
,,,,,,,,,,,,,,,,,,
,,,,,,,,,,,,,,,,,,
,,,,,,,,,,,,,,,,,,
,,,,,,,,,,,,,,,,,,
,,,,,,,,,,,,,,,,,,
,,,,,,,,,,,,,,,,,,
,,,,,,,,,,,,,,,,,,
,,,,,,,,,,,,,,,,,,
,,,,,,,,,,,,,,,,,,
,,,,,,,,,,,,,,,,,,
,,,,,,,,,,,,,,,,,,
,,,,,,,,,,,,,,,,,,
,,,,,,,,,,,,,,,,,,
,,,,,,,,,,,,,,,,,,
,,,,,,,,,,,,,,,,,,
,,,,,,,,,,,,,,,,,,
,,,,,,,,,,,,,,,,,,
,,,,,,,,,,,,,,,,,,
,,,,,,,,,,,,,,,,,,
,,,,,,,,,,,,,,,,,,
,,,,,,,,,,,,,,,,,,
,,,,,,,,,,,,,,,,,,
,,,,,,,,,,,,,,,,,,
,,,,,,,,,,,,,,,,,,
,,,,,,,,,,,,,,,,,,
,,,,,,,,,,,,,,,,,,
,,,,,,,,,,,,,,,,,,
,,,,,,,,,,,,,,,,,,
,,,,,,,,,,,,,,,,,,
,,,,,,,,,,,,,,,,,,
,,,,,,,,,,,,,,,,,,
,,,,,,,,,,,,,,,,,,
,,,,,,,,,,,,,,,,,,
,,,,,,,,,,,,,,,,,,
,,,,,,,,,,,,,,,,,,
,,,,,,,,,,,,,,,,,,
,,,,,,,,,,,,,,,,,,
,,,,,,,,,,,,,,,,,,
,,,,,,,,,,,,,,,,,,
,,,,,,,,,,,,,,,,,,
,,,,,,,,,,,,,,,,,,
,,,,,,,,,,,,,,,,,,
,,,,,,,,,,,,,,,,,,
,,,,,,,,,,,,,,,,,,
,,,,,,,,,,,,,,,,,,
,,,,,,,,,,,,,,,,,,
,,,,,,,,,,,,,,,,,,
,,,,,,,,,,,,,,,,,,
,,,,,,,,,,,,,,,,,,
,,,,,,,,,,,,,,,,,,
,,,,,,,,,,,,,,,,,,
,,,,,,,,,,,,,,,,,,
,,,,,,,,,,,,,,,,,,
,,,,,,,,,,,,,,,,,,
,,,,,,,,,,,,,,,,,,
,,,,,,,,,,,,,,,,,,
,,,,,,,,,,,,,,,,,,
,,,,,,,,,,,,,,,,,,
,,,,,,,,,,,,,,,,,,
,,,,,,,,,,,,,,,,,,
,,,,,,,,,,,,,,,,,,
,,,,,,,,,,,,,,,,,,
,,,,,,,,,,,,,,,,,,
,,,,,,,,,,,,,,,,,,
,,,,,,,,,,,,,,,,,,
,,,,,,,,,,,,,,,,,,
,,,,,,,,,,,,,,,,,,
,,,,,,,,,,,,,,,,,,
,,,,,,,,,,,,,,,,,,
,,,,,,,,,,,,,,,,,,
,,,,,,,,,,,,,,,,,,
,,,,,,,,,,,,,,,,,,
,,,,,,,,,,,,,,,,,,
,,,,,,,,,,,,,,,,,,
,,,,,,,,,,,,,,,,,,
,,,,,,,,,,,,,,,,,,
,,,,,,,,,,,,,,,,,,
,,,,,,,,,,,,,,,,,,
,,,,,,,,,,,,,,,,,,
,,,,,,,,,,,,,,,,,,
,,,,,,,,,,,,,,,,,,
,,,,,,,,,,,,,,,,,,
,,,,,,,,,,,,,,,,,,
,,,,,,,,,,,,,,,,,,
,,,,,,,,,,,,,,,,,,
,,,,,,,,,,,,,,,,,,
,,,,,,,,,,,,,,,,,,
,,,,,,,,,,,,,,,,,,
,,,,,,,,,,,,,,,,,,
,,,,,,,,,,,,,,,,,,
,,,,,,,,,,,,,,,,,,
,,,,,,,,,,,,,,,,,,
,,,,,,,,,,,,,,,,,,
,,,,,,,,,,,,,,,,,,
,,,,,,,,,,,,,,,,,,
,,,,,,,,,,,,,,,,,,
,,,,,,,,,,,,,,,,,,
,,,,,,,,,,,,,,,,,,
,,,,,,,,,,,,,,,,,,
,,,,,,,,,,,,,,,,,,
,,,,,,,,,,,,,,,,,,
,,,,,,,,,,,,,,,,,,
,,,,,,,,,,,,,,,,,,
,,,,,,,,,,,,,,,,,,
,,,,,,,,,,,,,,,,,,
,,,,,,,,,,,,,,,,,,
,,,,,,,,,,,,,,,,,,
,,,,,,,,,,,,,,,,,,
,,,,,,,,,,,,,,,,,,
,,,,,,,,,,,,,,,,,,
,,,,,,,,,,,,,,,,,,
,,,,,,,,,,,,,,,,,,
,,,,,,,,,,,,,,,,,,
,,,,,,,,,,,,,,,,,,
,,,,,,,,,,,,,,,,,,
,,,,,,,,,,,,,,,,,,
,,,,,,,,,,,,,,,,,,
,,,,,,,,,,,,,,,,,,
,,,,,,,,,,,,,,,,,,
,,,,,,,,,,,,,,,,,,
,,,,,,,,,,,,,,,,,,
,,,,,,,,,,,,,,,,,,
,,,,,,,,,,,,,,,,,,
,,,,,,,,,,,,,,,,,,
,,,,,,,,,,,,,,,,,,
,,,,,,,,,,,,,,,,,,
,,,,,,,,,,,,,,,,,,
,,,,,,,,,,,,,,,,,,
,,,,,,,,,,,,,,,,,,
,,,,,,,,,,,,,,,,,,
,,,,,,,,,,,,,,,,,,
,,,,,,,,,,,,,,,,,,
,,,,,,,,,,,,,,,,,,
,,,,,,,,,,,,,,,,,,
,,,,,,,,,,,,,,,,,,
,,,,,,,,,,,,,,,,,,
,,,,,,,,,,,,,,,,,,
,,,,,,,,,,,,,,,,,,
,,,,,,,,,,,,,,,,,,
,,,,,,,,,,,,,,,,,,
,,,,,,,,,,,,,,,,,,
,,,,,,,,,,,,,,,,,,
,,,,,,,,,,,,,,,,,,
,,,,,,,,,,,,,,,,,,
,,,,,,,,,,,,,,,,,,
,,,,,,,,,,,,,,,,,,
,,,,,,,,,,,,,,,,,,
,,,,,,,,,,,,,,,,,,
,,,,,,,,,,,,,,,,,,
,,,,,,,,,,,,,,,,,,
,,,,,,,,,,,,,,,,,,
,,,,,,,,,,,,,,,,,,
,,,,,,,,,,,,,,,,,,
,,,,,,,,,,,,,,,,,,
,,,,,,,,,,,,,,,,,,
,,,,,,,,,,,,,,,,,,
,,,,,,,,,,,,,,,,,,
,,,,,,,,,,,,,,,,,,
,,,,,,,,,,,,,,,,,,
,,,,,,,,,,,,,,,,,,
,,,,,,,,,,,,,,,,,,
,,,,,,,,,,,,,,,,,,
,,,,,,,,,,,,,,,,,,
,,,,,,,,,,,,,,,,,,
,,,,,,,,,,,,,,,,,,
,,,,,,,,,,,,,,,,,,
,,,,,,,,,,,,,,,,,,
,,,,,,,,,,,,,,,,,,
,,,,,,,,,,,,,,,,,,
,,,,,,,,,,,,,,,,,,
,,,,,,,,,,,,,,,,,,
,,,,,,,,,,,,,,,,,,
,,,,,,,,,,,,,,,,,,
,,,,,,,,,,,,,,,,,,
,,,,,,,,,,,,,,,,,,
,,,,,,,,,,,,,,,,,,
,,,,,,,,,,,,,,,,,,
,,,,,,,,,,,,,,,,,,
,,,,,,,,,,,,,,,,,,
,,,,,,,,,,,,,,,,,,
,,,,,,,,,,,,,,,,,,
,,,,,,,,,,,,,,,,,,
,,,,,,,,,,,,,,,,,,
,,,,,,,,,,,,,,,,,,
,,,,,,,,,,,,,,,,,,
,,,,,,,,,,,,,,,,,,
,,,,,,,,,,,,,,,,,,
,,,,,,,,,,,,,,,,,,
,,,,,,,,,,,,,,,,,,
,,,,,,,,,,,,,,,,,,
,,,,,,,,,,,,,,,,,,
,,,,,,,,,,,,,,,,,,
,,,,,,,,,,,,,,,,,,
,,,,,,,,,,,,,,,,,,
,,,,,,,,,,,,,,,,,,
,,,,,,,,,,,,,,,,,,
,,,,,,,,,,,,,,,,,,
,,,,,,,,,,,,,,,,,,
,,,,,,,,,,,,,,,,,,
,,,,,,,,,,,,,,,,,,
,,,,,,,,,,,,,,,,,,
,,,,,,,,,,,,,,,,,,
,,,,,,,,,,,,,,,,,,
,,,,,,,,,,,,,,,,,,
,,,,,,,,,,,,,,,,,,
,,,,,,,,,,,,,,,,,,
,,,,,,,,,,,,,,,,,,
,,,,,,,,,,,,,,,,,,
,,,,,,,,,,,,,,,,,,
,,,,,,,,,,,,,,,,,,
,,,,,,,,,,,,,,,,,,
,,,,,,,,,,,,,,,,,,
,,,,,,,,,,,,,,,,,,
,,,,,,,,,,,,,,,,,,
,,,,,,,,,,,,,,,,,,
,,,,,,,,,,,,,,,,,,
,,,,,,,,,,,,,,,,,,
,,,,,,,,,,,,,,,,,,
,,,,,,,,,,,,,,,,,,
,,,,,,,,,,,,,,,,,,
,,,,,,,,,,,,,,,,,,
,,,,,,,,,,,,,,,,,,
,,,,,,,,,,,,,,,,,,
,,,,,,,,,,,,,,,,,,
,,,,,,,,,,,,,,,,,,
,,,,,,,,,,,,,,,,,,
,,,,,,,,,,,,,,,,,,
,,,,,,,,,,,,,,,,,,
,,,,,,,,,,,,,,,,,,
,,,,,,,,,,,,,,,,,,
,,,,,,,,,,,,,,,,,,
,,,,,,,,,,,,,,,,,,
,,,,,,,,,,,,,,,,,,
,,,,,,,,,,,,,,,,,,
,,,,,,,,,,,,,,,,,,
,,,,,,,,,,,,,,,,,,
,,,,,,,,,,,,,,,,,,
,,,,,,,,,,,,,,,,,,
,,,,,,,,,,,,,,,,,,
,,,,,,,,,,,,,,,,,,
,,,,,,,,,,,,,,,,,,
,,,,,,,,,,,,,,,,,,
,,,,,,,,,,,,,,,,,,
,,,,,,,,,,,,,,,,,,
,,,,,,,,,,,,,,,,,,
,,,,,,,,,,,,,,,,,,
,,,,,,,,,,,,,,,,,,
,,,,,,,,,,,,,,,,,,
,,,,,,,,,,,,,,,,,,
,,,,,,,,,,,,,,,,,,
,,,,,,,,,,,,,,,,,,
,,,,,,,,,,,,,,,,,,
,,,,,,,,,,,,,,,,,,
,,,,,,,,,,,,,,,,,,
,,,,,,,,,,,,,,,,,,
,,,,,,,,,,,,,,,,,,
,,,,,,,,,,,,,,,,,,
,,,,,,,,,,,,,,,,,,
,,,,,,,,,,,,,,,,,,
,,,,,,,,,,,,,,,,,,
,,,,,,,,,,,,,,,,,,
,,,,,,,,,,,,,,,,,,
,,,,,,,,,,,,,,,,,,
,,,,,,,,,,,,,,,,,,
,,,,,,,,,,,,,,,,,,
,,,,,,,,,,,,,,,,,,
,,,,,,,,,,,,,,,,,,
,,,,,,,,,,,,,,,,,,
,,,,,,,,,,,,,,,,,,
,,,,,,,,,,,,,,,,,,
,,,,,,,,,,,,,,,,,,
,,,,,,,,,,,,,,,,,,
,,,,,,,,,,,,,,,,,,
,,,,,,,,,,,,,,,,,,
,,,,,,,,,,,,,,,,,,
,,,,,,,,,,,,,,,,,,
,,,,,,,,,,,,,,,,,,
,,,,,,,,,,,,,,,,,,
,,,,,,,,,,,,,,,,,,
,,,,,,,,,,,,,,,,,,
,,,,,,,,,,,,,,,,,,
,,,,,,,,,,,,,,,,,,
,,,,,,,,,,,,,,,,,,
,,,,,,,,,,,,,,,,,,
,,,,,,,,,,,,,,,,,,
,,,,,,,,,,,,,,,,,,
,,,,,,,,,,,,,,,,,,
,,,,,,,,,,,,,,,,,,
,,,,,,,,,,,,,,,,,,
,,,,,,,,,,,,,,,,,,
,,,,,,,,,,,,,,,,,,
,,,,,,,,,,,,,,,,,,
,,,,,,,,,,,,,,,,,,
,,,,,,,,,,,,,,,,,,
,,,,,,,,,,,,,,,,,,
,,,,,,,,,,,,,,,,,,
,,,,,,,,,,,,,,,,,,
,,,,,,,,,,,,,,,,,,
,,,,,,,,,,,,,,,,,,
,,,,,,,,,,,,,,,,,,
,,,,,,,,,,,,,,,,,,
,,,,,,,,,,,,,,,,,,
,,,,,,,,,,,,,,,,,,
,,,,,,,,,,,,,,,,,,
,,,,,,,,,,,,,,,,,,
,,,,,,,,,,,,,,,,,,
,,,,,,,,,,,,,,,,,,
,,,,,,,,,,,,,,,,,,
,,,,,,,,,,,,,,,,,,
,,,,,,,,,,,,,,,,,,
,,,,,,,,,,,,,,,,,,
,,,,,,,,,,,,,,,,,,
,,,,,,,,,,,,,,,,,,
,,,,,,,,,,,,,,,,,,
,,,,,,,,,,,,,,,,,,
,,,,,,,,,,,,,,,,,,
,,,,,,,,,,,,,,,,,,
,,,,,,,,,,,,,,,,,,
,,,,,,,,,,,,,,,,,,
,,,,,,,,,,,,,,,,,,
,,,,,,,,,,,,,,,,,,
,,,,,,,,,,,,,,,,,,
,,,,,,,,,,,,,,,,,,
,,,,,,,,,,,,,,,,,,
,,,,,,,,,,,,,,,,,,
,,,,,,,,,,,,,,,,,,
,,,,,,,,,,,,,,,,,,
,,,,,,,,,,,,,,,,,,
,,,,,,,,,,,,,,,,,,
,,,,,,,,,,,,,,,,,,
,,,,,,,,,,,,,,,,,,
,,,,,,,,,,,,,,,,,,
,,,,,,,,,,,,,,,,,,
,,,,,,,,,,,,,,,,,,
,,,,,,,,,,,,,,,,,,
,,,,,,,,,,,,,,,,,,
,,,,,,,,,,,,,,,,,,
,,,,,,,,,,,,,,,,,,
,,,,,,,,,,,,,,,,,,
,,,,,,,,,,,,,,,,,,
,,,,,,,,,,,,,,,,,,
,,,,,,,,,,,,,,,,,,
,,,,,,,,,,,,,,,,,,
,,,,,,,,,,,,,,,,,,
,,,,,,,,,,,,,,,,,,
,,,,,,,,,,,,,,,,,,
,,,,,,,,,,,,,,,,,,
,,,,,,,,,,,,,,,,,,
,,,,,,,,,,,,,,,,,,
,,,,,,,,,,,,,,,,,,
,,,,,,,,,,,,,,,,,,
,,,,,,,,,,,,,,,,,,
,,,,,,,,,,,,,,,,,,
,,,,,,,,,,,,,,,,,,
,,,,,,,,,,,,,,,,,,
,,,,,,,,,,,,,,,,,,
,,,,,,,,,,,,,,,,,,
,,,,,,,,,,,,,,,,,,
,,,,,,,,,,,,,,,,,,
,,,,,,,,,,,,,,,,,,
,,,,,,,,,,,,,,,,,,
,,,,,,,,,,,,,,,,,,
,,,,,,,,,,,,,,,,,,
,,,,,,,,,,,,,,,,,,
,,,,,,,,,,,,,,,,,,
,,,,,,,,,,,,,,,,,,
,,,,,,,,,,,,,,,,,,
,,,,,,,,,,,,,,,,,,
,,,,,,,,,,,,,,,,,,
,,,,,,,,,,,,,,,,,,
,,,,,,,,,,,,,,,,,,
,,,,,,,,,,,,,,,,,,
,,,,,,,,,,,,,,,,,,
,,,,,,,,,,,,,,,,,,
,,,,,,,,,,,,,,,,,,
,,,,,,,,,,,,,,,,,,
,,,,,,,,,,,,,,,,,,
,,,,,,,,,,,,,,,,,,
,,,,,,,,,,,,,,,,,,
,,,,,,,,,,,,,,,,,,
,,,,,,,,,,,,,,,,,,
,,,,,,,,,,,,,,,,,,
,,,,,,,,,,,,,,,,,,
,,,,,,,,,,,,,,,,,,
,,,,,,,,,,,,,,,,,,
,,,,,,,,,,,,,,,,,,
,,,,,,,,,,,,,,,,,,
,,,,,,,,,,,,,,,,,,
,,,,,,,,,,,,,,,,,,
,,,,,,,,,,,,,,,,,,
,,,,,,,,,,,,,,,,,,
,,,,,,,,,,,,,,,,,,
,,,,,,,,,,,,,,,,,,
,,,,,,,,,,,,,,,,,,
,,,,,,,,,,,,,,,,,,
,,,,,,,,,,,,,,,,,,
,,,,,,,,,,,,,,,,,,
,,,,,,,,,,,,,,,,,,
,,,,,,,,,,,,,,,,,,
,,,,,,,,,,,,,,,,,,
,,,,,,,,,,,,,,,,,,
,,,,,,,,,,,,,,,,,,
,,,,,,,,,,,,,,,,,,
,,,,,,,,,,,,,,,,,,
,,,,,,,,,,,,,,,,,,
,,,,,,,,,,,,,,,,,,
,,,,,,,,,,,,,,,,,,
,,,,,,,,,,,,,,,,,,
,,,,,,,,,,,,,,,,,,
,,,,,,,,,,,,,,,,,,
,,,,,,,,,,,,,,,,,,
,,,,,,,,,,,,,,,,,,
,,,,,,,,,,,,,,,,,,
,,,,,,,,,,,,,,,,,,
,,,,,,,,,,,,,,,,,,
,,,,,,,,,,,,,,,,,,
,,,,,,,,,,,,,,,,,,
,,,,,,,,,,,,,,,,,,
,,,,,,,,,,,,,,,,,,
,,,,,,,,,,,,,,,,,,
,,,,,,,,,,,,,,,,,,
,,,,,,,,,,,,,,,,,,
,,,,,,,,,,,,,,,,,,
,,,,,,,,,,,,,,,,,,
,,,,,,,,,,,,,,,,,,
,,,,,,,,,,,,,,,,,,
,,,,,,,,,,,,,,,,,,
,,,,,,,,,,,,,,,,,,
,,,,,,,,,,,,,,,,,,
,,,,,,,,,,,,,,,,,,
,,,,,,,,,,,,,,,,,,
,,,,,,,,,,,,,,,,,,
,,,,,,,,,,,,,,,,,,
,,,,,,,,,,,,,,,,,,
,,,,,,,,,,,,,,,,,,
,,,,,,,,,,,,,,,,,,
,,,,,,,,,,,,,,,,,,
,,,,,,,,,,,,,,,,,,
,,,,,,,,,,,,,,,,,,
,,,,,,,,,,,,,,,,,,
,,,,,,,,,,,,,,,,,,
,,,,,,,,,,,,,,,,,,
,,,,,,,,,,,,,,,,,,
,,,,,,,,,,,,,,,,,,
,,,,,,,,,,,,,,,,,,
,,,,,,,,,,,,,,,,,,
,,,,,,,,,,,,,,,,,,
,,,,,,,,,,,,,,,,,,
,,,,,,,,,,,,,,,,,,
,,,,,,,,,,,,,,,,,,
,,,,,,,,,,,,,,,,,,
,,,,,,,,,,,,,,,,,,
,,,,,,,,,,,,,,,,,,
,,,,,,,,,,,,,,,,,,
,,,,,,,,,,,,,,,,,,
,,,,,,,,,,,,,,,,,,
,,,,,,,,,,,,,,,,,,
,,,,,,,,,,,,,,,,,,
,,,,,,,,,,,,,,,,,,
,,,,,,,,,,,,,,,,,,
,,,,,,,,,,,,,,,,,,
,,,,,,,,,,,,,,,,,,
,,,,,,,,,,,,,,,,,,
,,,,,,,,,,,,,,,,,,
,,,,,,,,,,,,,,,,,,
,,,,,,,,,,,,,,,,,,
,,,,,,,,,,,,,,,,,,
,,,,,,,,,,,,,,,,,,
,,,,,,,,,,,,,,,,,,
,,,,,,,,,,,,,,,,,,
,,,,,,,,,,,,,,,,,,
,,,,,,,,,,,,,,,,,,
,,,,,,,,,,,,,,,,,,
,,,,,,,,,,,,,,,,,,
,,,,,,,,,,,,,,,,,,
,,,,,,,,,,,,,,,,,,
,,,,,,,,,,,,,,,,,,
,,,,,,,,,,,,,,,,,,
,,,,,,,,,,,,,,,,,,
,,,,,,,,,,,,,,,,,,
,,,,,,,,,,,,,,,,,,
,,,,,,,,,,,,,,,,,,
,,,,,,,,,,,,,,,,,,
,,,,,,,,,,,,,,,,,,
,,,,,,,,,,,,,,,,,,
,,,,,,,,,,,,,,,,,,
,,,,,,,,,,,,,,,,,,
,,,,,,,,,,,,,,,,,,
,,,,,,,,,,,,,,,,,,
,,,,,,,,,,,,,,,,,,
,,,,,,,,,,,,,,,,,,
,,,,,,,,,,,,,,,,,,
,,,,,,,,,,,,,,,,,,
,,,,,,,,,,,,,,,,,,
,,,,,,,,,,,,,,,,,,
,,,,,,,,,,,,,,,,,,
,,,,,,,,,,,,,,,,,,
,,,,,,,,,,,,,,,,,,
,,,,,,,,,,,,,,,,,,
,,,,,,,,,,,,,,,,,,
,,,,,,,,,,,,,,,,,,
,,,,,,,,,,,,,,,,,,
,,,,,,,,,,,,,,,,,,
,,,,,,,,,,,,,,,,,,
,,,,,,,,,,,,,,,,,,
,,,,,,,,,,,,,,,,,,
,,,,,,,,,,,,,,,,,,
,,,,,,,,,,,,,,,,,,
,,,,,,,,,,,,,,,,,,
,,,,,,,,,,,,,,,,,,
,,,,,,,,,,,,,,,,,,
,,,,,,,,,,,,,,,,,,
,,,,,,,,,,,,,,,,,,
,,,,,,,,,,,,,,,,,,
,,,,,,,,,,,,,,,,,,
,,,,,,,,,,,,,,,,,,
,,,,,,,,,,,,,,,,,,
,,,,,,,,,,,,,,,,,,
,,,,,,,,,,,,,,,,,,
,,,,,,,,,,,,,,,,,,
,,,,,,,,,,,,,,,,,,
,,,,,,,,,,,,,,,,,,
,,,,,,,,,,,,,,,,,,
,,,,,,,,,,,,,,,,,,
,,,,,,,,,,,,,,,,,,
,,,,,,,,,,,,,,,,,,
,,,,,,,,,,,,,,,,,,
,,,,,,,,,,,,,,,,,,
,,,,,,,,,,,,,,,,,,
,,,,,,,,,,,,,,,,,,
,,,,,,,,,,,,,,,,,,
,,,,,,,,,,,,,,,,,,
,,,,,,,,,,,,,,,,,,
,,,,,,,,,,,,,,,,,,
,,,,,,,,,,,,,,,,,,
,,,,,,,,,,,,,,,,,,
,,,,,,,,,,,,,,,,,,
,,,,,,,,,,,,,,,,,,
,,,,,,,,,,,,,,,,,,
,,,,,,,,,,,,,,,,,,
,,,,,,,,,,,,,,,,,,
,,,,,,,,,,,,,,,,,,
,,,,,,,,,,,,,,,,,,
,,,,,,,,,,,,,,,,,,
,,,,,,,,,,,,,,,,,,
,,,,,,,,,,,,,,,,,,
,,,,,,,,,,,,,,,,,,
,,,,,,,,,,,,,,,,,,
,,,,,,,,,,,,,,,,,,
,,,,,,,,,,,,,,,,,,
,,,,,,,,,,,,,,,,,,
,,,,,,,,,,,,,,,,,,
,,,,,,,,,,,,,,,,,,
,,,,,,,,,,,,,,,,,,
,,,,,,,,,,,,,,,,,,
,,,,,,,,,,,,,,,,,,
,,,,,,,,,,,,,,,,,,
,,,,,,,,,,,,,,,,,,
,,,,,,,,,,,,,,,,,,
,,,,,,,,,,,,,,,,,,
,,,,,,,,,,,,,,,,,,
,,,,,,,,,,,,,,,,,,
,,,,,,,,,,,,,,,,,,
,,,,,,,,,,,,,,,,,,
,,,,,,,,,,,,,,,,,,
,,,,,,,,,,,,,,,,,,
,,,,,,,,,,,,,,,,,,
,,,,,,,,,,,,,,,,,,
,,,,,,,,,,,,,,,,,,
,,,,,,,,,,,,,,,,,,
,,,,,,,,,,,,,,,,,,
,,,,,,,,,,,,,,,,,,
,,,,,,,,,,,,,,,,,,
,,,,,,,,,,,,,,,,,,
,,,,,,,,,,,,,,,,,,
,,,,,,,,,,,,,,,,,,
,,,,,,,,,,,,,,,,,,
,,,,,,,,,,,,,,,,,,
,,,,,,,,,,,,,,,,,,
,,,,,,,,,,,,,,,,,,
,,,,,,,,,,,,,,,,,,
,,,,,,,,,,,,,,,,,,
,,,,,,,,,,,,,,,,,,
,,,,,,,,,,,,,,,,,,
,,,,,,,,,,,,,,,,,,
,,,,,,,,,,,,,,,,,,
,,,,,,,,,,,,,,,,,,
,,,,,,,,,,,,,,,,,,
,,,,,,,,,,,,,,,,,,
,,,,,,,,,,,,,,,,,,
,,,,,,,,,,,,,,,,,,
,,,,,,,,,,,,,,,,,,
,,,,,,,,,,,,,,,,,,
,,,,,,,,,,,,,,,,,,
,,,,,,,,,,,,,,,,,,
,,,,,,,,,,,,,,,,,,
,,,,,,,,,,,,,,,,,,
,,,,,,,,,,,,,,,,,,
,,,,,,,,,,,,,,,,,,
,,,,,,,,,,,,,,,,,,
,,,,,,,,,,,,,,,,,,
,,,,,,,,,,,,,,,,,,
,,,,,,,,,,,,,,,,,,
,,,,,,,,,,,,,,,,,,
,,,,,,,,,,,,,,,,,,
,,,,,,,,,,,,,,,,,,
,,,,,,,,,,,,,,,,,,
,,,,,,,,,,,,,,,,,,
,,,,,,,,,,,,,,,,,,
,,,,,,,,,,,,,,,,,,
,,,,,,,,,,,,,,,,,,
,,,,,,,,,,,,,,,,,,
,,,,,,,,,,,,,,,,,,
,,,,,,,,,,,,,,,,,,
,,,,,,,,,,,,,,,,,,
,,,,,,,,,,,,,,,,,,
,,,,,,,,,,,,,,,,,,
,,,,,,,,,,,,,,,,,,
,,,,,,,,,,,,,,,,,,
,,,,,,,,,,,,,,,,,,
,,,,,,,,,,,,,,,,,,
,,,,,,,,,,,,,,,,,,
,,,,,,,,,,,,,,,,,,
,,,,,,,,,,,,,,,,,,
,,,,,,,,,,,,,,,,,,
,,,,,,,,,,,,,,,,,,
,,,,,,,,,,,,,,,,,,
,,,,,,,,,,,,,,,,,,
,,,,,,,,,,,,,,,,,,
,,,,,,,,,,,,,,,,,,
,,,,,,,,,,,,,,,,,,
,,,,,,,,,,,,,,,,,,
,,,,,,,,,,,,,,,,,,
,,,,,,,,,,,,,,,,,,
,,,,,,,,,,,,,,,,,,
,,,,,,,,,,,,,,,,,,
,,,,,,,,,,,,,,,,,,
,,,,,,,,,,,,,,,,,,
,,,,,,,,,,,,,,,,,,
,,,,,,,,,,,,,,,,,,
,,,,,,,,,,,,,,,,,,
,,,,,,,,,,,,,,,,,,
,,,,,,,,,,,,,,,,,,
,,,,,,,,,,,,,,,,,,
,,,,,,,,,,,,,,,,,,
,,,,,,,,,,,,,,,,,,
,,,,,,,,,,,,,,,,,,
,,,,,,,,,,,,,,,,,,
,,,,,,,,,,,,,,,,,,
,,,,,,,,,,,,,,,,,,
,,,,,,,,,,,,,,,,,,
,,,,,,,,,,,,,,,,,,
,,,,,,,,,,,,,,,,,,
,,,,,,,,,,,,,,,,,,
,,,,,,,,,,,,,,,,,,
,,,,,,,,,,,,,,,,,,
,,,,,,,,,,,,,,,,,,
,,,,,,,,,,,,,,,,,,
,,,,,,,,,,,,,,,,,,
,,,,,,,,,,,,,,,,,,
,,,,,,,,,,,,,,,,,,
,,,,,,,,,,,,,,,,,,
,,,,,,,,,,,,,,,,,,
,,,,,,,,,,,,,,,,,,
,,,,,,,,,,,,,,,,,,
,,,,,,,,,,,,,,,,,,
,,,,,,,,,,,,,,,,,,
,,,,,,,,,,,,,,,,,,
,,,,,,,,,,,,,,,,,,
,,,,,,,,,,,,,,,,,,
,,,,,,,,,,,,,,,,,,
,,,,,,,,,,,,,,,,,,
,,,,,,,,,,,,,,,,,,
,,,,,,,,,,,,,,,,,,
,,,,,,,,,,,,,,,,,,
,,,,,,,,,,,,,,,,,,
,,,,,,,,,,,,,,,,,,
,,,,,,,,,,,,,,,,,,
,,,,,,,,,,,,,,,,,,
,,,,,,,,,,,,,,,,,,
,,,,,,,,,,,,,,,,,,
,,,,,,,,,,,,,,,,,,
,,,,,,,,,,,,,,,,,,
,,,,,,,,,,,,,,,,,,
,,,,,,,,,,,,,,,,,,
,,,,,,,,,,,,,,,,,,
,,,,,,,,,,,,,,,,,,
,,,,,,,,,,,,,,,,,,
,,,,,,,,,,,,,,,,,,
,,,,,,,,,,,,,,,,,,
,,,,,,,,,,,,,,,,,,
,,,,,,,,,,,,,,,,,,
,,,,,,,,,,,,,,,,,,
,,,,,,,,,,,,,,,,,,
,,,,,,,,,,,,,,,,,,
,,,,,,,,,,,,,,,,,,
,,,,,,,,,,,,,,,,,,
,,,,,,,,,,,,,,,,,,
,,,,,,,,,,,,,,,,,,
,,,,,,,,,,,,,,,,,,
,,,,,,,,,,,,,,,,,,
,,,,,,,,,,,,,,,,,,
,,,,,,,,,,,,,,,,,,
,,,,,,,,,,,,,,,,,,
,,,,,,,,,,,,,,,,,,
,,,,,,,,,,,,,,,,,,
,,,,,,,,,,,,,,,,,,
,,,,,,,,,,,,,,,,,,
,,,,,,,,,,,,,,,,,,
,,,,,,,,,,,,,,,,,,
,,,,,,,,,,,,,,,,,,
,,,,,,,,,,,,,,,,,,
,,,,,,,,,,,,,,,,,,
,,,,,,,,,,,,,,,,,,
,,,,,,,,,,,,,,,,,,
,,,,,,,,,,,,,,,,,,
,,,,,,,,,,,,,,,,,,
,,,,,,,,,,,,,,,,,,
,,,,,,,,,,,,,,,,,,
,,,,,,,,,,,,,,,,,,
,,,,,,,,,,,,,,,,,,
,,,,,,,,,,,,,,,,,,
,,,,,,,,,,,,,,,,,,
,,,,,,,,,,,,,,,,,,
,,,,,,,,,,,,,,,,,,
,,,,,,,,,,,,,,,,,,
,,,,,,,,,,,,,,,,,,
,,,,,,,,,,,,,,,,,,
,,,,,,,,,,,,,,,,,,
,,,,,,,,,,,,,,,,,,
,,,,,,,,,,,,,,,,,,
,,,,,,,,,,,,,,,,,,
,,,,,,,,,,,,,,,,,,
,,,,,,,,,,,,,,,,,,
,,,,,,,,,,,,,,,,,,
,,,,,,,,,,,,,,,,,,
,,,,,,,,,,,,,,,,,,
,,,,,,,,,,,,,,,,,,
,,,,,,,,,,,,,,,,,,
,,,,,,,,,,,,,,,,,,
,,,,,,,,,,,,,,,,,,
,,,,,,,,,,,,,,,,,,
,,,,,,,,,,,,,,,,,,
,,,,,,,,,,,,,,,,,,
,,,,,,,,,,,,,,,,,,
,,,,,,,,,,,,,,,,,,
,,,,,,,,,,,,,,,,,,
,,,,,,,,,,,,,,,,,,
,,,,,,,,,,,,,,,,,,
,,,,,,,,,,,,,,,,,,
,,,,,,,,,,,,,,,,,,
,,,,,,,,,,,,,,,,,,
,,,,,,,,,,,,,,,,,,
,,,,,,,,,,,,,,,,,,
,,,,,,,,,,,,,,,,,,
,,,,,,,,,,,,,,,,,,
,,,,,,,,,,,,,,,,,,
,,,,,,,,,,,,,,,,,,
,,,,,,,,,,,,,,,,,,
,,,,,,,,,,,,,,,,,,
,,,,,,,,,,,,,,,,,,
,,,,,,,,,,,,,,,,,,
,,,,,,,,,,,,,,,,,,
,,,,,,,,,,,,,,,,,,
,,,,,,,,,,,,,,,,,,
,,,,,,,,,,,,,,,,,,
,,,,,,,,,,,,,,,,,,
,,,,,,,,,,,,,,,,,,
,,,,,,,,,,,,,,,,,,
,,,,,,,,,,,,,,,,,,
,,,,,,,,,,,,,,,,,,
,,,,,,,,,,,,,,,,,,
,,,,,,,,,,,,,,,,,,
,,,,,,,,,,,,,,,,,,
,,,,,,,,,,,,,,,,,,
,,,,,,,,,,,,,,,,,,
,,,,,,,,,,,,,,,,,,
,,,,,,,,,,,,,,,,,,
,,,,,,,,,,,,,,,,,,
,,,,,,,,,,,,,,,,,,
,,,,,,,,,,,,,,,,,,
,,,,,,,,,,,,,,,,,,
,,,,,,,,,,,,,,,,,,
,,,,,,,,,,,,,,,,,,
,,,,,,,,,,,,,,,,,,
,,,,,,,,,,,,,,,,,,
,,,,,,,,,,,,,,,,,,
,,,,,,,,,,,,,,,,,,
,,,,,,,,,,,,,,,,,,
,,,,,,,,,,,,,,,,,,
,,,,,,,,,,,,,,,,,,
,,,,,,,,,,,,,,,,,,
,,,,,,,,,,,,,,,,,,
,,,,,,,,,,,,,,,,,,
,,,,,,,,,,,,,,,,,,
,,,,,,,,,,,,,,,,,,
,,,,,,,,,,,,,,,,,,
,,,,,,,,,,,,,,,,,,
,,,,,,,,,,,,,,,,,,
,,,,,,,,,,,,,,,,,,
,,,,,,,,,,,,,,,,,,
,,,,,,,,,,,,,,,,,,
,,,,,,,,,,,,,,,,,,
,,,,,,,,,,,,,,,,,,
,,,,,,,,,,,,,,,,,,
,,,,,,,,,,,,,,,,,,
,,,,,,,,,,,,,,,,,,
,,,,,,,,,,,,,,,,,,
,,,,,,,,,,,,,,,,,,
,,,,,,,,,,,,,,,,,,
,,,,,,,,,,,,,,,,,,
,,,,,,,,,,,,,,,,,,
,,,,,,,,,,,,,,,,,,
,,,,,,,,,,,,,,,,,,
,,,,,,,,,,,,,,,,,,
,,,,,,,,,,,,,,,,,,
,,,,,,,,,,,,,,,,,,
,,,,,,,,,,,,,,,,,,
,,,,,,,,,,,,,,,,,,
,,,,,,,,,,,,,,,,,,
,,,,,,,,,,,,,,,,,,
,,,,,,,,,,,,,,,,,,
,,,,,,,,,,,,,,,,,,
,,,,,,,,,,,,,,,,,,
,,,,,,,,,,,,,,,,,,
,,,,,,,,,,,,,,,,,,
,,,,,,,,,,,,,,,,,,
,,,,,,,,,,,,,,,,,,
,,,,,,,,,,,,,,,,,,
,,,,,,,,,,,,,,,,,,
,,,,,,,,,,,,,,,,,,
,,,,,,,,,,,,,,,,,,
,,,,,,,,,,,,,,,,,,
,,,,,,,,,,,,,,,,,,
,,,,,,,,,,,,,,,,,,
,,,,,,,,,,,,,,,,,,
,,,,,,,,,,,,,,,,,,
,,,,,,,,,,,,,,,,,,
,,,,,,,,,,,,,,,,,,
,,,,,,,,,,,,,,,,,,
,,,,,,,,,,,,,,,,,,
,,,,,,,,,,,,,,,,,,
,,,,,,,,,,,,,,,,,,
,,,,,,,,,,,,,,,,,,
,,,,,,,,,,,,,,,,,,
,,,,,,,,,,,,,,,,,,
,,,,,,,,,,,,,,,,,,
,,,,,,,,,,,,,,,,,,
,,,,,,,,,,,,,,,,,,
,,,,,,,,,,,,,,,,,,
,,,,,,,,,,,,,,,,,,
,,,,,,,,,,,,,,,,,,
,,,,,,,,,,,,,,,,,,
,,,,,,,,,,,,,,,,,,
,,,,,,,,,,,,,,,,,,
,,,,,,,,,,,,,,,,,,
,,,,,,,,,,,,,,,,,,
,,,,,,,,,,,,,,,,,,
,,,,,,,,,,,,,,,,,,
,,,,,,,,,,,,,,,,,,
,,,,,,,,,,,,,,,,,,
,,,,,,,,,,,,,,,,,,
,,,,,,,,,,,,,,,,,,
,,,,,,,,,,,,,,,,,,
,,,,,,,,,,,,,,,,,,
,,,,,,,,,,,,,,,,,,
,,,,,,,,,,,,,,,,,,
,,,,,,,,,,,,,,,,,,
,,,,,,,,,,,,,,,,,,
,,,,,,,,,,,,,,,,,,
,,,,,,,,,,,,,,,,,,
,,,,,,,,,,,,,,,,,,
,,,,,,,,,,,,,,,,,,
,,,,,,,,,,,,,,,,,,
,,,,,,,,,,,,,,,,,,
,,,,,,,,,,,,,,,,,,
,,,,,,,,,,,,,,,,,,
,,,,,,,,,,,,,,,,,,
,,,,,,,,,,,,,,,,,,
,,,,,,,,,,,,,,,,,,
,,,,,,,,,,,,,,,,,,
,,,,,,,,,,,,,,,,,,
,,,,,,,,,,,,,,,,,,
,,,,,,,,,,,,,,,,,,
,,,,,,,,,,,,,,,,,,
,,,,,,,,,,,,,,,,,,
,,,,,,,,,,,,,,,,,,
,,,,,,,,,,,,,,,,,,
,,,,,,,,,,,,,,,,,,
,,,,,,,,,,,,,,,,,,
,,,,,,,,,,,,,,,,,,
,,,,,,,,,,,,,,,,,,
,,,,,,,,,,,,,,,,,,
,,,,,,,,,,,,,,,,,,
,,,,,,,,,,,,,,,,,,
,,,,,,,,,,,,,,,,,,
,,,,,,,,,,,,,,,,,,
,,,,,,,,,,,,,,,,,,
,,,,,,,,,,,,,,,,,,
,,,,,,,,,,,,,,,,,,
,,,,,,,,,,,,,,,,,,
,,,,,,,,,,,,,,,,,,
,,,,,,,,,,,,,,,,,,
,,,,,,,,,,,,,,,,,,
,,,,,,,,,,,,,,,,,,
,,,,,,,,,,,,,,,,,,
,,,,,,,,,,,,,,,,,,
,,,,,,,,,,,,,,,,,,
,,,,,,,,,,,,,,,,,,
,,,,,,,,,,,,,,,,,,
,,,,,,,,,,,,,,,,,,
,,,,,,,,,,,,,,,,,,
,,,,,,,,,,,,,,,,,,
,,,,,,,,,,,,,,,,,,
,,,,,,,,,,,,,,,,,,
,,,,,,,,,,,,,,,,,,
,,,,,,,,,,,,,,,,,,
,,,,,,,,,,,,,,,,,,
,,,,,,,,,,,,,,,,,,
,,,,,,,,,,,,,,,,,,
